gene,p_val,avg_logFC,pct.1,pct.2,p_val_adj,cluster
IGKC,5.30E-32,2.897731,0.95,0.05,2.98E-27,Dutertre et al 2019 C8-pDC
DERL3,1.46E-30,1.972615,0.85,0.035,8.22E-26,Dutertre et al 2019 C8-pDC
MZB1,8.70E-21,2.416559,0.85,0.104,4.90E-16,Dutertre et al 2019 C8-pDC
SMPD3,7.19E-20,1.28798,0.65,0.04,4.05E-15,Dutertre et al 2019 C8-pDC
TSPAN13,2.21E-18,1.864998,0.9,0.149,1.24E-13,Dutertre et al 2019 C8-pDC
NRP1,1.68E-17,2.214728,0.95,0.204,9.43E-13,Dutertre et al 2019 C8-pDC
CLEC4C,1.95E-17,1.159269,0.35,0,1.10E-12,Dutertre et al 2019 C8-pDC
ITM2C,5.30E-17,2.38733,0.95,0.234,2.98E-12,Dutertre et al 2019 C8-pDC
FAM129C,1.91E-16,1.25286,0.95,0.264,1.08E-11,Dutertre et al 2019 C8-pDC
GZMB,3.37E-15,3.496217,1,0.403,1.90E-10,Dutertre et al 2019 C8-pDC
IRF7,6.29E-15,2.489657,0.95,0.279,3.54E-10,Dutertre et al 2019 C8-pDC
JCHAIN,1.31E-14,3.373156,1,0.448,7.39E-10,Dutertre et al 2019 C8-pDC
C12orf75,2.33E-14,2.141734,0.75,0.129,1.31E-09,Dutertre et al 2019 C8-pDC
BCL11A,2.72E-14,2.540727,1,0.527,1.53E-09,Dutertre et al 2019 C8-pDC
RP11-117D22.2,3.08E-14,1.158217,0.45,0.025,1.73E-09,Dutertre et al 2019 C8-pDC
KCNK17,5.00E-14,1.541143,0.55,0.05,2.82E-09,Dutertre et al 2019 C8-pDC
RUNX2,1.34E-13,1.394033,0.9,0.274,7.54E-09,Dutertre et al 2019 C8-pDC
CCDC50,1.63E-13,1.317556,1,0.358,9.15E-09,Dutertre et al 2019 C8-pDC
SHD,2.39E-13,1.614139,0.45,0.03,1.34E-08,Dutertre et al 2019 C8-pDC
PLD4,3.94E-13,2.558103,0.95,0.363,2.22E-08,Dutertre et al 2019 C8-pDC
UGCG,7.09E-13,2.215857,0.95,0.483,3.99E-08,Dutertre et al 2019 C8-pDC
AC019181,8.91E-13,0.7562185,0.25,0,5.01E-08,Dutertre et al 2019 C8-pDC
MAP1A,1.20E-12,0.5275634,0.55,0.065,6.76E-08,Dutertre et al 2019 C8-pDC
IRF8,6.68E-12,1.979469,1,0.726,3.76E-07,Dutertre et al 2019 C8-pDC
TCF4,1.18E-11,2.350293,0.95,0.512,6.66E-07,Dutertre et al 2019 C8-pDC
C1orf186,1.66E-11,2.52733,0.75,0.194,9.34E-07,Dutertre et al 2019 C8-pDC
AC023590,2.55E-11,1.219685,0.5,0.055,1.43E-06,Dutertre et al 2019 C8-pDC
PTCRA,2.79E-11,0.988793,0.3,0.01,1.57E-06,Dutertre et al 2019 C8-pDC
EPHB1,2.79E-11,0.8379575,0.4,0.03,1.57E-06,Dutertre et al 2019 C8-pDC
LAMP5,3.49E-11,1.671436,0.5,0.06,1.96E-06,Dutertre et al 2019 C8-pDC
RASD1,4.85E-11,1.212662,0.55,0.08,2.73E-06,Dutertre et al 2019 C8-pDC
HYOU1,5.10E-11,0.9655543,0.55,0.07,2.87E-06,Dutertre et al 2019 C8-pDC
ALOX5AP,5.76E-11,1.951555,0.95,0.428,3.24E-06,Dutertre et al 2019 C8-pDC
PFKFB2,6.90E-11,1.515767,0.75,0.189,3.88E-06,Dutertre et al 2019 C8-pDC
COBLL1,8.77E-11,0.7014502,0.5,0.065,4.93E-06,Dutertre et al 2019 C8-pDC
SERPINF1,1.71E-10,3.083925,0.9,0.468,9.63E-06,Dutertre et al 2019 C8-pDC
HERPUD1,1.97E-10,1.617115,1,0.975,1.11E-05,Dutertre et al 2019 C8-pDC
CDCA7L,3.71E-10,1.201561,0.55,0.085,2.09E-05,Dutertre et al 2019 C8-pDC
IL3RA,7.92E-10,1.01321,0.65,0.144,4.46E-05,Dutertre et al 2019 C8-pDC
IRF4,9.35E-10,1.895057,0.85,0.393,5.26E-05,Dutertre et al 2019 C8-pDC
NUCB2,1.71E-09,1.420148,0.75,0.189,9.62E-05,Dutertre et al 2019 C8-pDC
LILRA4,1.79E-09,2.431807,0.7,0.209,0.000100827,Dutertre et al 2019 C8-pDC
TTC24,3.95E-09,0.8539542,0.25,0.01,0.000222491,Dutertre et al 2019 C8-pDC
SLC12A3,4.93E-09,0.8478954,0.3,0.02,0.000277329,Dutertre et al 2019 C8-pDC
VEGFB,5.07E-09,0.8349901,0.35,0.03,0.000285285,Dutertre et al 2019 C8-pDC
PIM2,8.97E-09,1.005816,1,0.463,0.000504964,Dutertre et al 2019 C8-pDC
SIT1,1.02E-08,0.6957153,0.3,0.02,0.000573908,Dutertre et al 2019 C8-pDC
SIDT1,1.44E-08,1.167386,0.55,0.114,0.000811692,Dutertre et al 2019 C8-pDC
LINC01478,2.12E-08,0.5274057,0.2,0.005,0.001193926,Dutertre et al 2019 C8-pDC
B4GALT1,3.51E-08,1.047108,0.95,0.94,0.001976345,Dutertre et al 2019 C8-pDC
TCL1A,3.66E-08,1.331768,0.15,0,0.002056952,Dutertre et al 2019 C8-pDC
TPM2,5.80E-08,0.7390346,0.3,0.025,0.003265523,Dutertre et al 2019 C8-pDC
CRYM,7.11E-08,1.187573,0.25,0.015,0.004003526,Dutertre et al 2019 C8-pDC
HSD17B8,7.11E-08,0.8104517,0.25,0.015,0.004003526,Dutertre et al 2019 C8-pDC
NME8,9.15E-08,0.601466,0.25,0.015,0.005146535,Dutertre et al 2019 C8-pDC
RPL41,1.04E-07,0.6585705,1,0.99,0.005875418,Dutertre et al 2019 C8-pDC
PPM1K,1.14E-07,0.8235626,0.7,0.229,0.006428946,Dutertre et al 2019 C8-pDC
LHFPL2,1.25E-07,0.8291499,0.4,0.06,0.007006334,Dutertre et al 2019 C8-pDC
AC006129.2,1.30E-07,1.257779,0.4,0.06,0.00729399,Dutertre et al 2019 C8-pDC
PARK7,1.52E-07,1.287261,1,0.577,0.008540848,Dutertre et al 2019 C8-pDC
ZFAT,1.80E-07,1.403377,0.5,0.114,0.01010094,Dutertre et al 2019 C8-pDC
SNRPN,2.03E-07,1.389076,0.65,0.204,0.01143141,Dutertre et al 2019 C8-pDC
IGHM,2.18E-07,1.833256,0.45,0.09,0.01229014,Dutertre et al 2019 C8-pDC
ADAM19.5,3.26E-07,0.6191362,1,0.527,0.01833242,Dutertre et al 2019 C8-pDC
HSP90B1.2,3.72E-07,1.215644,0.95,0.741,0.02094102,Dutertre et al 2019 C8-pDC
TNFRSF21,5.17E-07,0.8868992,0.7,0.239,0.02910221,Dutertre et al 2019 C8-pDC
LINC00996,5.50E-07,0.5483169,0.2,0.01,0.03092458,Dutertre et al 2019 C8-pDC
OGT,7.69E-07,1.356135,0.95,0.652,0.04325884,Dutertre et al 2019 C8-pDC
MCOLN2,8.82E-07,0.6991137,0.5,0.109,0.04963504,Dutertre et al 2019 C8-pDC
FANCD2,1.15E-06,0.5170194,0.55,0.144,0.06463828,Dutertre et al 2019 C8-pDC
VIMP,1.28E-06,1.512437,0.7,0.269,0.07213056,Dutertre et al 2019 C8-pDC
CARD11,1.31E-06,0.889244,0.45,0.095,0.07371568,Dutertre et al 2019 C8-pDC
PPIB,1.57E-06,1.077781,0.95,0.761,0.08821882,Dutertre et al 2019 C8-pDC
BLNK,1.83E-06,0.8235409,0.4,0.075,0.1032331,Dutertre et al 2019 C8-pDC
EIF4A3,2.14E-06,1.381364,0.95,0.692,0.1204384,Dutertre et al 2019 C8-pDC
PPM1J,2.18E-06,1.407453,0.4,0.08,0.1228636,Dutertre et al 2019 C8-pDC
FAM221B,2.37E-06,0.8716231,0.25,0.025,0.1331249,Dutertre et al 2019 C8-pDC
GPX7,2.49E-06,1.151608,0.25,0.025,0.1399503,Dutertre et al 2019 C8-pDC
BRD8,2.96E-06,1.759218,0.5,0.129,0.1664672,Dutertre et al 2019 C8-pDC
LUC7L3,3.48E-06,1.316584,0.8,0.428,0.1956996,Dutertre et al 2019 C8-pDC
SH3KBP1,3.49E-06,1.351442,0.9,0.677,0.1964626,Dutertre et al 2019 C8-pDC
TMEM19,3.57E-06,1.327129,0.45,0.104,0.2011394,Dutertre et al 2019 C8-pDC
FCHSD2,3.75E-06,0.6020356,0.7,0.254,0.2109395,Dutertre et al 2019 C8-pDC
LIME1,4.00E-06,0.8782269,0.35,0.055,0.2250433,Dutertre et al 2019 C8-pDC
C12orf45,4.22E-06,0.8988282,1,0.96,0.2374405,Dutertre et al 2019 C8-pDC
CYB561A3,4.45E-06,2.046919,0.8,0.507,0.2502763,Dutertre et al 2019 C8-pDC
RPS3A,4.45E-06,0.5670479,1,0.995,0.2504314,Dutertre et al 2019 C8-pDC
SPIB,4.58E-06,1.35195,0.5,0.144,0.257496,Dutertre et al 2019 C8-pDC
NPC2,4.80E-06,1.008679,0.95,0.751,0.2701197,Dutertre et al 2019 C8-pDC
CLIC3,5.02E-06,0.7108761,0.3,0.04,0.2824332,Dutertre et al 2019 C8-pDC
TLR7,5.35E-06,0.8199836,0.45,0.114,0.3007616,Dutertre et al 2019 C8-pDC
ST6GALNAC4,5.66E-06,0.89368,0.4,0.08,0.3184053,Dutertre et al 2019 C8-pDC
GNMT,5.67E-06,0.7808123,0.2,0.015,0.3188509,Dutertre et al 2019 C8-pDC
CD4,6.55E-06,1.128486,0.9,0.522,0.3685944,Dutertre et al 2019 C8-pDC
IGFLR1,6.93E-06,1.29004,0.9,0.557,0.3898247,Dutertre et al 2019 C8-pDC
STAG3L3,7.80E-06,1.017335,0.8,0.363,0.4390135,Dutertre et al 2019 C8-pDC
C9orf142,9.78E-06,1.321703,0.55,0.194,0.5502981,Dutertre et al 2019 C8-pDC
GGTA1P,9.90E-06,0.8282719,0.3,0.045,0.5568552,Dutertre et al 2019 C8-pDC
IL6ST,1.18E-05,0.8984327,0.65,0.244,0.6645542,Dutertre et al 2019 C8-pDC
TRAPPC2,1.33E-05,0.6277398,0.8,0.338,0.7499106,Dutertre et al 2019 C8-pDC
NME3,1.39E-05,1.053973,0.35,0.07,0.7797047,Dutertre et al 2019 C8-pDC
SMC6,1.44E-05,0.5369683,0.55,0.174,0.8076385,Dutertre et al 2019 C8-pDC
LILRB4,1.51E-05,1.42305,0.8,0.423,0.8496597,Dutertre et al 2019 C8-pDC
SEL1L3,1.70E-05,0.9009718,0.65,0.254,0.9551599,Dutertre et al 2019 C8-pDC
ZDHHC17,1.74E-05,1.214668,0.6,0.229,0.9798859,Dutertre et al 2019 C8-pDC
PLAC8,1.86E-05,0.919798,0.95,0.682,1,Dutertre et al 2019 C8-pDC
FAM215B,2.01E-05,0.5547361,0.4,0.09,1,Dutertre et al 2019 C8-pDC
SIVA1,2.04E-05,1.16447,0.6,0.234,1,Dutertre et al 2019 C8-pDC
KIAA0226L,2.05E-05,1.295131,0.65,0.274,1,Dutertre et al 2019 C8-pDC
UBB,2.05E-05,0.7250218,1,0.975,1,Dutertre et al 2019 C8-pDC
RPLP0.4,2.15E-05,0.8409177,1,0.95,1,Dutertre et al 2019 C8-pDC
RABGAP1L,2.16E-05,1.321176,0.9,0.602,1,Dutertre et al 2019 C8-pDC
MAP4K1,2.18E-05,1.018878,0.65,0.239,1,Dutertre et al 2019 C8-pDC
AKAP9,2.20E-05,0.986897,0.9,0.607,1,Dutertre et al 2019 C8-pDC
CNP,2.25E-05,1.271893,0.75,0.373,1,Dutertre et al 2019 C8-pDC
HNRNPH1,2.54E-05,0.5392352,1,1,1,Dutertre et al 2019 C8-pDC
RNU12,2.58E-05,0.6861821,0.3,0.05,1,Dutertre et al 2019 C8-pDC
OFD1,2.59E-05,0.6957873,0.55,0.184,1,Dutertre et al 2019 C8-pDC
TMEM184B,2.77E-05,0.8983904,0.5,0.144,1,Dutertre et al 2019 C8-pDC
UCK2,2.83E-05,1.307024,0.4,0.095,1,Dutertre et al 2019 C8-pDC
SLC2A1,2.96E-05,1.254502,0.65,0.259,1,Dutertre et al 2019 C8-pDC
SPCS1,3.03E-05,1.144959,0.8,0.453,1,Dutertre et al 2019 C8-pDC
CLN8,3.41E-05,0.9653273,0.65,0.259,1,Dutertre et al 2019 C8-pDC
CCDC18-AS1,3.86E-05,1.267115,0.55,0.189,1,Dutertre et al 2019 C8-pDC
NCF1B,4.18E-05,1.143134,0.75,0.388,1,Dutertre et al 2019 C8-pDC
ATP13A2,4.18E-05,0.6418926,0.35,0.075,1,Dutertre et al 2019 C8-pDC
GAPT,4.21E-05,0.8939333,0.4,0.1,1,Dutertre et al 2019 C8-pDC
HS3ST3B1,4.67E-05,1.014729,0.45,0.139,1,Dutertre et al 2019 C8-pDC
KPTN,5.28E-05,0.8982552,0.15,0.01,1,Dutertre et al 2019 C8-pDC
DUSP5,5.48E-05,0.6152345,0.4,0.104,1,Dutertre et al 2019 C8-pDC
SYS1-DBNDD2,5.61E-05,0.8107413,0.15,0.01,1,Dutertre et al 2019 C8-pDC
ELP2,5.78E-05,1.262401,0.55,0.194,1,Dutertre et al 2019 C8-pDC
RP11-240E2.2,6.33E-05,1.130566,0.15,0.01,1,Dutertre et al 2019 C8-pDC
SPNS3,6.35E-05,1.311141,0.4,0.114,1,Dutertre et al 2019 C8-pDC
MTMR1,6.73E-05,0.7444649,0.35,0.08,1,Dutertre et al 2019 C8-pDC
TSPYL2,6.81E-05,1.258904,0.65,0.328,1,Dutertre et al 2019 C8-pDC
MYO1E,7.12E-05,1.021486,0.3,0.055,1,Dutertre et al 2019 C8-pDC
SRSF7,7.15E-05,0.8751123,0.95,0.741,1,Dutertre et al 2019 C8-pDC
PDCD4,7.45E-05,0.8017136,0.8,0.473,1,Dutertre et al 2019 C8-pDC
FAU,7.54E-05,0.7271207,1,0.945,1,Dutertre et al 2019 C8-pDC
ERN1,7.93E-05,0.8856993,0.5,0.169,1,Dutertre et al 2019 C8-pDC
SDF2L1,8.73E-05,0.8129354,0.3,0.06,1,Dutertre et al 2019 C8-pDC
MIF4GD,8.89E-05,1.319101,0.6,0.264,1,Dutertre et al 2019 C8-pDC
APP,9.63E-05,0.7615147,0.55,0.199,1,Dutertre et al 2019 C8-pDC
APEX1,0.000102792,0.9132392,0.6,0.224,1,Dutertre et al 2019 C8-pDC
SLC20A1,0.000104898,1.127565,0.8,0.498,1,Dutertre et al 2019 C8-pDC
PRMT7,0.000109037,0.9031234,0.45,0.134,1,Dutertre et al 2019 C8-pDC
NCF1C,0.000114523,0.8732763,0.8,0.488,1,Dutertre et al 2019 C8-pDC
PTPRCAP,0.000139465,0.789871,0.4,0.104,1,Dutertre et al 2019 C8-pDC
KIF20B,0.000140429,0.8085243,0.3,0.06,1,Dutertre et al 2019 C8-pDC
SRSF3,0.000146266,0.7788731,1,0.945,1,Dutertre et al 2019 C8-pDC
NIN,0.000147169,0.6594804,0.55,0.214,1,Dutertre et al 2019 C8-pDC
EXOSC3,0.000179988,0.5137919,0.3,0.06,1,Dutertre et al 2019 C8-pDC
CHD9,0.00019163,1.279405,0.7,0.368,1,Dutertre et al 2019 C8-pDC
COA1,0.000193226,0.8336437,0.55,0.214,1,Dutertre et al 2019 C8-pDC
VAMP8,0.000194941,1.032267,0.85,0.622,1,Dutertre et al 2019 C8-pDC
CXCR4,0.000209982,0.9963095,0.9,0.692,1,Dutertre et al 2019 C8-pDC
MYL12A,0.000211037,0.6511862,1,0.985,1,Dutertre et al 2019 C8-pDC
RP1-257A7.5.2,0.000218532,0.6982692,0.85,0.493,1,Dutertre et al 2019 C8-pDC
SUZ12P1,0.000239337,0.9390669,0.35,0.095,1,Dutertre et al 2019 C8-pDC
RAP1GDS1,0.000283961,0.9878021,0.65,0.303,1,Dutertre et al 2019 C8-pDC
TMEM109,0.000300677,0.8781419,0.65,0.284,1,Dutertre et al 2019 C8-pDC
IFI44L,0.000312416,2.011553,0.4,0.124,1,Dutertre et al 2019 C8-pDC
PAFAH2,0.00032587,0.8019868,0.3,0.065,1,Dutertre et al 2019 C8-pDC
Sep-01,0.000337507,0.9466673,0.3,0.07,1,Dutertre et al 2019 C8-pDC
USP24,0.000341009,0.5491083,0.6,0.299,1,Dutertre et al 2019 C8-pDC
ABHD15,0.000357943,0.7255275,0.4,0.124,1,Dutertre et al 2019 C8-pDC
CD37,0.000360996,0.8887487,0.9,0.672,1,Dutertre et al 2019 C8-pDC
TTC37,0.000372706,0.8756708,0.45,0.159,1,Dutertre et al 2019 C8-pDC
PCED1B-AS1,0.000409617,0.8930193,0.4,0.124,1,Dutertre et al 2019 C8-pDC
NAE1,0.000471849,0.7261312,0.3,0.07,1,Dutertre et al 2019 C8-pDC
NCF1,0.000501414,1.28172,0.75,0.527,1,Dutertre et al 2019 C8-pDC
RP11-69E11.4,0.000506763,0.5490468,0.2,0.03,1,Dutertre et al 2019 C8-pDC
SELL,0.000510854,1.094167,0.85,0.731,1,Dutertre et al 2019 C8-pDC
BEX4,0.000596357,0.7242668,0.4,0.124,1,Dutertre et al 2019 C8-pDC
CIRBP,0.000597461,0.8600198,0.8,0.741,1,Dutertre et al 2019 C8-pDC
NPC1,0.000638906,1.471106,0.5,0.229,1,Dutertre et al 2019 C8-pDC
EED,0.000664747,0.8221844,0.35,0.1,1,Dutertre et al 2019 C8-pDC
FAM214A,0.000669313,0.6146489,0.65,0.279,1,Dutertre et al 2019 C8-pDC
UBL4A,0.000679752,0.7309469,0.25,0.05,1,Dutertre et al 2019 C8-pDC
KCTD5,0.000696061,0.7400732,0.3,0.075,1,Dutertre et al 2019 C8-pDC
NAPSB,0.000709881,0.720358,0.9,0.687,1,Dutertre et al 2019 C8-pDC
SLC38A1,0.000734335,0.9762004,0.8,0.493,1,Dutertre et al 2019 C8-pDC
YIPF5,0.000743699,0.6587364,0.5,0.189,1,Dutertre et al 2019 C8-pDC
CDK2AP2,0.000758478,1.214486,0.55,0.279,1,Dutertre et al 2019 C8-pDC
TSPAN3,0.000759881,1.368906,0.7,0.438,1,Dutertre et al 2019 C8-pDC
TSR2,0.000801869,0.7155766,0.55,0.224,1,Dutertre et al 2019 C8-pDC
CXCR3,0.000810632,1.320813,0.3,0.08,1,Dutertre et al 2019 C8-pDC
HIVEP1,0.000823227,0.6683563,0.4,0.139,1,Dutertre et al 2019 C8-pDC
CD164,0.000883161,0.7908174,0.85,0.801,1,Dutertre et al 2019 C8-pDC
FAM213A,0.000885111,0.8739434,0.3,0.085,1,Dutertre et al 2019 C8-pDC
RP11-386I14.4,0.000922232,0.8306527,0.2,0.035,1,Dutertre et al 2019 C8-pDC
PAIP1,0.000951333,0.9905824,0.55,0.229,1,Dutertre et al 2019 C8-pDC
RSAD1,0.001019417,0.5354604,0.25,0.055,1,Dutertre et al 2019 C8-pDC
VAMP1,0.001159759,0.604626,0.3,0.085,1,Dutertre et al 2019 C8-pDC
SRP14,0.00117148,0.5730359,0.95,0.881,1,Dutertre et al 2019 C8-pDC
ST3GAL4,0.001174001,0.6076953,0.2,0.035,1,Dutertre et al 2019 C8-pDC
RGS1,0.001187036,1.344854,0.85,0.731,1,Dutertre et al 2019 C8-pDC
TAGLN2,0.001215002,0.7667814,0.95,0.871,1,Dutertre et al 2019 C8-pDC
FAM53C,0.001269401,0.6714242,0.65,0.313,1,Dutertre et al 2019 C8-pDC
ERP29,0.001316768,0.7966616,0.8,0.507,1,Dutertre et al 2019 C8-pDC
HIGD1A,0.001340473,1.083462,0.65,0.502,1,Dutertre et al 2019 C8-pDC
SSR4,0.001375888,0.9748277,0.85,0.607,1,Dutertre et al 2019 C8-pDC
COX7A2,0.001377705,0.660027,0.8,0.672,1,Dutertre et al 2019 C8-pDC
RUBCN,0.001409334,0.9236507,0.7,0.448,1,Dutertre et al 2019 C8-pDC
THUMPD3-AS1,0.001442729,0.9893049,0.45,0.184,1,Dutertre et al 2019 C8-pDC
ADA,0.001477645,0.9535672,0.45,0.164,1,Dutertre et al 2019 C8-pDC
ELMSAN1,0.001501129,0.6132346,0.95,0.876,1,Dutertre et al 2019 C8-pDC
DCK,0.001510753,1.075434,0.5,0.239,1,Dutertre et al 2019 C8-pDC
PCGF1,0.001519948,0.5349987,0.25,0.055,1,Dutertre et al 2019 C8-pDC
PMP22,0.001542051,0.6781013,0.15,0.02,1,Dutertre et al 2019 C8-pDC
TGFBI,0.001561073,0.79768,0.95,0.672,1,Dutertre et al 2019 C8-pDC
SRSF6,0.001623047,0.7522949,0.95,0.98,1,Dutertre et al 2019 C8-pDC
RP11-358L22.3,0.001661962,0.5392507,0.3,0.085,1,Dutertre et al 2019 C8-pDC
TADA1,0.001663995,0.5613392,0.3,0.08,1,Dutertre et al 2019 C8-pDC
RP11-356I2.4,0.001673182,0.6447227,0.25,0.06,1,Dutertre et al 2019 C8-pDC
ENPP2,0.001688736,0.8623634,0.3,0.09,1,Dutertre et al 2019 C8-pDC
CCNB1IP1,0.001722735,0.929212,0.45,0.184,1,Dutertre et al 2019 C8-pDC
RP11-288H12.3,0.00176833,0.6424636,0.7,0.398,1,Dutertre et al 2019 C8-pDC
INTS9,0.001826209,0.5721955,0.3,0.085,1,Dutertre et al 2019 C8-pDC
DSTN,0.001833257,0.8782575,0.65,0.343,1,Dutertre et al 2019 C8-pDC
CAT,0.001891998,0.923831,0.8,0.647,1,Dutertre et al 2019 C8-pDC
FBXW5,0.00191151,1.198768,0.6,0.333,1,Dutertre et al 2019 C8-pDC
MYO9A,0.00201678,0.7044251,0.4,0.154,1,Dutertre et al 2019 C8-pDC
DNAJB4,0.002034033,0.6992445,0.35,0.119,1,Dutertre et al 2019 C8-pDC
TXNDC5,0.002065026,0.8940196,0.25,0.065,1,Dutertre et al 2019 C8-pDC
TCHP,0.002132048,0.6011578,0.4,0.154,1,Dutertre et al 2019 C8-pDC
NSUN5P1,0.002326214,0.9562749,0.3,0.09,1,Dutertre et al 2019 C8-pDC
RPL21,0.002439682,0.5117168,1,0.975,1,Dutertre et al 2019 C8-pDC
ZFP36L2,0.002499998,0.8281915,0.85,0.652,1,Dutertre et al 2019 C8-pDC
RP11-379K17.12,0.00251505,0.596054,0.4,0.154,1,Dutertre et al 2019 C8-pDC
CCDC186,0.002615259,0.8948318,0.55,0.313,1,Dutertre et al 2019 C8-pDC
SDHAP1,0.002669003,0.5576276,0.45,0.169,1,Dutertre et al 2019 C8-pDC
CH507-42P11.8,0.002725216,0.5630218,0.5,0.279,1,Dutertre et al 2019 C8-pDC
DBNDD2,0.002764876,0.7147584,0.2,0.04,1,Dutertre et al 2019 C8-pDC
SNX5,0.002910487,0.9822368,0.7,0.458,1,Dutertre et al 2019 C8-pDC
WDFY4.4,0.003176781,0.7488931,0.6,0.318,1,Dutertre et al 2019 C8-pDC
NADK,0.003192515,0.5009434,0.6,0.308,1,Dutertre et al 2019 C8-pDC
LGMN,0.00319922,1.436955,0.5,0.308,1,Dutertre et al 2019 C8-pDC
NOP56,0.003204546,1.477782,0.4,0.179,1,Dutertre et al 2019 C8-pDC
LRRC36,0.003397753,0.5225426,0.15,0.025,1,Dutertre et al 2019 C8-pDC
IDH3A,0.003436285,0.9089841,0.6,0.338,1,Dutertre et al 2019 C8-pDC
RP11-295P9.3,0.003523708,0.6911821,0.15,0.025,1,Dutertre et al 2019 C8-pDC
ZNF263,0.003626556,0.5909148,0.2,0.045,1,Dutertre et al 2019 C8-pDC
NUP160,0.00386926,0.6481527,0.25,0.07,1,Dutertre et al 2019 C8-pDC
P2RY14,0.00392817,0.6287544,0.3,0.095,1,Dutertre et al 2019 C8-pDC
DIS3,0.003985049,0.5338683,0.55,0.274,1,Dutertre et al 2019 C8-pDC
UBE2W,0.003992266,0.5125154,0.7,0.408,1,Dutertre et al 2019 C8-pDC
TMED10,0.004101943,0.8000112,0.8,0.657,1,Dutertre et al 2019 C8-pDC
MORF4L2,0.004199733,0.5787792,0.9,0.602,1,Dutertre et al 2019 C8-pDC
ZNF785,0.004219545,0.5112339,0.15,0.025,1,Dutertre et al 2019 C8-pDC
ZNF296,0.004303843,0.5335351,0.2,0.045,1,Dutertre et al 2019 C8-pDC
TACC1,0.004341759,0.7633912,0.85,0.716,1,Dutertre et al 2019 C8-pDC
PTK7,0.004401704,0.736299,0.25,0.075,1,Dutertre et al 2019 C8-pDC
TRAM1,0.004515728,0.7545209,0.8,0.642,1,Dutertre et al 2019 C8-pDC
MPRIP,0.004647098,0.5459391,0.3,0.095,1,Dutertre et al 2019 C8-pDC
PIAS1,0.004752249,0.7641727,0.75,0.502,1,Dutertre et al 2019 C8-pDC
FCHSD1,0.004817054,0.8664592,0.2,0.045,1,Dutertre et al 2019 C8-pDC
SUMF2,0.00492251,0.8396879,0.8,0.662,1,Dutertre et al 2019 C8-pDC
CTD-3092A11.2,0.00497651,0.8199919,0.45,0.224,1,Dutertre et al 2019 C8-pDC
NSUN5P2,0.005169745,0.8149237,0.25,0.075,1,Dutertre et al 2019 C8-pDC
RNASE6,0.005171421,0.796834,0.65,0.383,1,Dutertre et al 2019 C8-pDC
CORO1C,0.005240617,0.8429273,0.7,0.478,1,Dutertre et al 2019 C8-pDC
DDX17,0.005240811,0.5317983,0.85,0.542,1,Dutertre et al 2019 C8-pDC
GLG1,0.005267857,0.5142342,0.95,0.766,1,Dutertre et al 2019 C8-pDC
RANBP1,0.00528552,1.089881,0.45,0.224,1,Dutertre et al 2019 C8-pDC
MRPS5,0.005625852,0.8507918,0.75,0.478,1,Dutertre et al 2019 C8-pDC
MCM2,0.005671744,0.6378072,0.2,0.05,1,Dutertre et al 2019 C8-pDC
UHRF2,0.005901058,0.5673979,0.35,0.124,1,Dutertre et al 2019 C8-pDC
CALR,0.005999842,0.5669983,0.95,0.861,1,Dutertre et al 2019 C8-pDC
KTI12,0.006056916,0.9692091,0.25,0.075,1,Dutertre et al 2019 C8-pDC
MIA3,0.006059267,0.5837345,0.45,0.214,1,Dutertre et al 2019 C8-pDC
RCL1,0.006305848,0.512263,0.2,0.05,1,Dutertre et al 2019 C8-pDC
TBL1XR1,0.006579148,0.5397024,0.9,0.756,1,Dutertre et al 2019 C8-pDC
ILF2,0.007009865,0.757277,0.7,0.483,1,Dutertre et al 2019 C8-pDC
SLA2,0.007026138,0.8698011,0.25,0.08,1,Dutertre et al 2019 C8-pDC
AKR1C3,0.007279426,0.5448758,0.3,0.1,1,Dutertre et al 2019 C8-pDC
GOLGA8B,0.00728335,0.6210013,0.5,0.254,1,Dutertre et al 2019 C8-pDC
IVD,0.007414424,0.7373887,0.5,0.244,1,Dutertre et al 2019 C8-pDC
LTK,0.007427479,0.7054694,0.15,0.03,1,Dutertre et al 2019 C8-pDC
RP11-330H6.5,0.007427479,0.5504687,0.15,0.03,1,Dutertre et al 2019 C8-pDC
NUMA1,0.007636712,0.5293576,0.45,0.209,1,Dutertre et al 2019 C8-pDC
ERO1B,0.007671481,0.6683718,0.35,0.144,1,Dutertre et al 2019 C8-pDC
SNHG14,0.007984838,0.5589837,0.3,0.104,1,Dutertre et al 2019 C8-pDC
SEC61G,0.008208854,0.5035572,0.55,0.358,1,Dutertre et al 2019 C8-pDC
UBAC2,0.008451683,1.299824,0.45,0.224,1,Dutertre et al 2019 C8-pDC
TEX2,0.00858612,0.6906015,0.2,0.055,1,Dutertre et al 2019 C8-pDC
TRMT1L,0.008703055,0.5615168,0.15,0.03,1,Dutertre et al 2019 C8-pDC
ZNF706,0.008766075,0.7648581,0.7,0.428,1,Dutertre et al 2019 C8-pDC
ZCCHC11,0.009000798,0.5249374,0.5,0.279,1,Dutertre et al 2019 C8-pDC
RP11-72I8.1,0.009270134,0.6660892,0.35,0.154,1,Dutertre et al 2019 C8-pDC
FCER1A,0.009574019,0.6825695,0.55,0.308,1,Dutertre et al 2019 C8-pDC
SRP9,0.009967916,0.5479882,0.9,0.662,1,Dutertre et al 2019 C8-pDC
APOBEC3A,8.79E-10,0.9175031,0.839,0.337,4.94E-05,Dutertre et al 2019 C7-Mono_CD16high
DUSP6,1.28E-09,1.325706,0.935,0.479,7.22E-05,Dutertre et al 2019 C7-Mono_CD16high
PILRA,2.11E-09,1.085972,0.968,0.563,0.000118625,Dutertre et al 2019 C7-Mono_CD16high
LINC01272,4.21E-09,1.248162,0.839,0.379,0.000236803,Dutertre et al 2019 C7-Mono_CD16high
PSAP,6.07E-09,0.8989578,1,1,0.000341321,Dutertre et al 2019 C7-Mono_CD16high
SERPINA1,1.12E-08,1.0292,1,0.953,0.000627826,Dutertre et al 2019 C7-Mono_CD16high
MS4A4A,1.89E-08,0.8250577,0.742,0.258,0.001062261,Dutertre et al 2019 C7-Mono_CD16high
LILRA5,2.09E-08,0.9263229,0.935,0.568,0.001175899,Dutertre et al 2019 C7-Mono_CD16high
LILRA2,2.91E-08,1.187056,0.839,0.342,0.001639231,Dutertre et al 2019 C7-Mono_CD16high
FCGR3A,3.15E-08,1.584813,0.935,0.753,0.001770047,Dutertre et al 2019 C7-Mono_CD16high
LILRB2,3.53E-08,1.029269,0.968,0.663,0.001986309,Dutertre et al 2019 C7-Mono_CD16high
CTSS,3.87E-08,1.031731,1,0.995,0.002175625,Dutertre et al 2019 C7-Mono_CD16high
FTL,5.92E-08,0.639346,1,1,0.003332825,Dutertre et al 2019 C7-Mono_CD16high
FCGR3B,6.31E-08,0.6240141,0.613,0.195,0.003549164,Dutertre et al 2019 C7-Mono_CD16high
SLC11A1,7.03E-08,0.653521,1,0.684,0.003953997,Dutertre et al 2019 C7-Mono_CD16high
FCN1,1.66E-07,0.8047953,1,0.932,0.009343206,Dutertre et al 2019 C7-Mono_CD16high
CD68,3.67E-07,0.7029875,1,0.874,0.02067847,Dutertre et al 2019 C7-Mono_CD16high
YPEL2,4.44E-07,0.9447771,0.548,0.158,0.02499633,Dutertre et al 2019 C7-Mono_CD16high
FCER1G,6.51E-07,0.6377187,1,0.879,0.03660851,Dutertre et al 2019 C7-Mono_CD16high
TNFAIP2,1.05E-06,0.6424417,1,0.758,0.05887375,Dutertre et al 2019 C7-Mono_CD16high
NCF2,1.27E-06,0.6714103,0.935,0.642,0.0714816,Dutertre et al 2019 C7-Mono_CD16high
IFI30,1.49E-06,0.7165776,1,0.937,0.08383629,Dutertre et al 2019 C7-Mono_CD16high
C5AR1,2.46E-06,0.5328191,0.806,0.389,0.1381971,Dutertre et al 2019 C7-Mono_CD16high
PTPN6,2.82E-06,0.9437642,0.968,0.732,0.1584925,Dutertre et al 2019 C7-Mono_CD16high
TBC1D8,3.41E-06,0.6405786,0.581,0.205,0.1917458,Dutertre et al 2019 C7-Mono_CD16high
HDX,3.61E-06,0.5771311,0.226,0.026,0.2033544,Dutertre et al 2019 C7-Mono_CD16high
AIF1,4.17E-06,0.5899458,1,0.8,0.2346008,Dutertre et al 2019 C7-Mono_CD16high
SIGLEC10,5.47E-06,1.002719,0.742,0.416,0.3077737,Dutertre et al 2019 C7-Mono_CD16high
IFITM3,5.95E-06,0.6883153,0.935,0.7,0.3345738,Dutertre et al 2019 C7-Mono_CD16high
CLIP4,5.99E-06,0.6909135,0.29,0.053,0.3370819,Dutertre et al 2019 C7-Mono_CD16high
DUSP1,9.14E-06,0.7842428,1,1,0.514355,Dutertre et al 2019 C7-Mono_CD16high
C10orf54,1.00E-05,0.7321493,1,0.895,0.5631877,Dutertre et al 2019 C7-Mono_CD16high
RGS2,1.02E-05,0.7498927,1,0.937,0.5745251,Dutertre et al 2019 C7-Mono_CD16high
LILRA1,1.15E-05,0.7554321,0.839,0.505,0.6469132,Dutertre et al 2019 C7-Mono_CD16high
POU2F2,1.18E-05,0.5908892,0.742,0.363,0.6636771,Dutertre et al 2019 C7-Mono_CD16high
TMEM176A,1.45E-05,0.7250462,0.71,0.342,0.8131326,Dutertre et al 2019 C7-Mono_CD16high
FTH1,1.49E-05,0.533861,1,1,0.8370216,Dutertre et al 2019 C7-Mono_CD16high
RP11-776B3,1.86E-05,0.5529142,0.129,0.005,1,Dutertre et al 2019 C7-Mono_CD16high
CTDSP2,1.86E-05,0.5134691,0.645,0.279,1,Dutertre et al 2019 C7-Mono_CD16high
PLAUR,1.95E-05,0.6969312,0.935,0.821,1,Dutertre et al 2019 C7-Mono_CD16high
ALDOA,1.95E-05,0.5589904,1,0.968,1,Dutertre et al 2019 C7-Mono_CD16high
COTL1,2.20E-05,0.7938162,1,0.921,1,Dutertre et al 2019 C7-Mono_CD16high
GLUL,2.52E-05,0.95692,0.935,0.921,1,Dutertre et al 2019 C7-Mono_CD16high
IFNGR2,2.52E-05,0.7613537,0.903,0.705,1,Dutertre et al 2019 C7-Mono_CD16high
HVCN1,2.79E-05,0.6083794,0.516,0.184,1,Dutertre et al 2019 C7-Mono_CD16high
ASAH1,3.70E-05,0.7599156,1,0.921,1,Dutertre et al 2019 C7-Mono_CD16high
ADGRE1,4.07E-05,0.8326096,0.645,0.3,1,Dutertre et al 2019 C7-Mono_CD16high
GRINA,4.23E-05,0.6558897,0.806,0.442,1,Dutertre et al 2019 C7-Mono_CD16high
ATP6V0D1,4.56E-05,0.6856745,0.935,0.732,1,Dutertre et al 2019 C7-Mono_CD16high
ADM,4.89E-05,0.9196855,0.742,0.437,1,Dutertre et al 2019 C7-Mono_CD16high
FCGR2A,5.46E-05,0.6886222,0.968,0.705,1,Dutertre et al 2019 C7-Mono_CD16high
SLC7A7,5.71E-05,0.5952818,0.839,0.468,1,Dutertre et al 2019 C7-Mono_CD16high
TCIRG1,5.83E-05,0.6754033,0.903,0.611,1,Dutertre et al 2019 C7-Mono_CD16high
SLA,6.68E-05,0.650775,0.839,0.568,1,Dutertre et al 2019 C7-Mono_CD16high
NEAT1,6.83E-05,0.5264885,1,1,1,Dutertre et al 2019 C7-Mono_CD16high
FOLR3,7.65E-05,0.7994132,0.194,0.026,1,Dutertre et al 2019 C7-Mono_CD16high
CD300E,7.88E-05,0.6355697,0.806,0.442,1,Dutertre et al 2019 C7-Mono_CD16high
SAT1,7.95E-05,0.5512629,1,1,1,Dutertre et al 2019 C7-Mono_CD16high
TMEM176B,8.09E-05,0.537561,0.968,0.774,1,Dutertre et al 2019 C7-Mono_CD16high
PECAM1,8.36E-05,0.7415159,1,0.863,1,Dutertre et al 2019 C7-Mono_CD16high
LILRB3,9.01E-05,0.6210611,0.742,0.432,1,Dutertre et al 2019 C7-Mono_CD16high
CSF1R,9.51E-05,0.6306636,0.903,0.668,1,Dutertre et al 2019 C7-Mono_CD16high
ADGRE2,9.91E-05,0.7075442,0.548,0.274,1,Dutertre et al 2019 C7-Mono_CD16high
CX3CR1,0.000111757,0.7221239,0.355,0.111,1,Dutertre et al 2019 C7-Mono_CD16high
TREM1,0.000116511,0.8355984,0.742,0.363,1,Dutertre et al 2019 C7-Mono_CD16high
FAM26F,0.000135038,0.9023415,0.581,0.295,1,Dutertre et al 2019 C7-Mono_CD16high
TLR4,0.000140705,0.6108143,0.71,0.374,1,Dutertre et al 2019 C7-Mono_CD16high
LILRB1,0.000173806,1.02399,0.774,0.442,1,Dutertre et al 2019 C7-Mono_CD16high
GBP2,0.000232471,0.5714582,0.677,0.353,1,Dutertre et al 2019 C7-Mono_CD16high
MT-ND5,0.000245049,0.5952313,1,0.937,1,Dutertre et al 2019 C7-Mono_CD16high
RP11-425D10.10,0.000245538,0.7189176,0.161,0.021,1,Dutertre et al 2019 C7-Mono_CD16high
TSPAN14,0.000254636,0.5268998,0.839,0.537,1,Dutertre et al 2019 C7-Mono_CD16high
HCK,0.000277499,0.7210065,0.903,0.758,1,Dutertre et al 2019 C7-Mono_CD16high
CD48,0.000299142,0.5434599,0.839,0.605,1,Dutertre et al 2019 C7-Mono_CD16high
SLC8B1,0.000308911,1.072781,0.452,0.189,1,Dutertre et al 2019 C7-Mono_CD16high
EVI2B,0.000326351,0.7525793,0.935,0.716,1,Dutertre et al 2019 C7-Mono_CD16high
RHOC,0.000379854,0.7458259,0.742,0.474,1,Dutertre et al 2019 C7-Mono_CD16high
ATP6V1B2,0.000402039,0.7190138,0.839,0.637,1,Dutertre et al 2019 C7-Mono_CD16high
ARHGAP30,0.000415114,0.5466101,0.71,0.416,1,Dutertre et al 2019 C7-Mono_CD16high
CFAP20,0.000417012,0.6253872,0.419,0.153,1,Dutertre et al 2019 C7-Mono_CD16high
CYBB,0.000431541,0.5243365,1,0.789,1,Dutertre et al 2019 C7-Mono_CD16high
HCLS1,0.000442852,0.6154529,0.968,0.926,1,Dutertre et al 2019 C7-Mono_CD16high
SYNJ1,0.000446554,0.613744,0.355,0.126,1,Dutertre et al 2019 C7-Mono_CD16high
BLVRA,0.000492843,0.6454645,0.677,0.363,1,Dutertre et al 2019 C7-Mono_CD16high
GPBAR1,0.000524939,0.5330912,0.29,0.084,1,Dutertre et al 2019 C7-Mono_CD16high
NAMPT,0.000537977,0.5139894,1,0.979,1,Dutertre et al 2019 C7-Mono_CD16high
NAGK,0.000637464,0.6003084,0.71,0.426,1,Dutertre et al 2019 C7-Mono_CD16high
DNASE2,0.000643513,0.6493191,0.452,0.184,1,Dutertre et al 2019 C7-Mono_CD16high
CD46,0.000660931,0.5881961,0.71,0.474,1,Dutertre et al 2019 C7-Mono_CD16high
POLD4,0.00078272,0.8123086,0.645,0.342,1,Dutertre et al 2019 C7-Mono_CD16high
CLK4,0.000861181,0.6063965,0.516,0.232,1,Dutertre et al 2019 C7-Mono_CD16high
LRRC25,0.000900224,0.6275791,0.774,0.537,1,Dutertre et al 2019 C7-Mono_CD16high
FAM49A,0.000933878,0.6467937,0.774,0.563,1,Dutertre et al 2019 C7-Mono_CD16high
UTRN,0.000941251,0.5109424,0.839,0.589,1,Dutertre et al 2019 C7-Mono_CD16high
NINJ1,0.001071027,0.5264159,0.903,0.621,1,Dutertre et al 2019 C7-Mono_CD16high
THBS1,0.001199691,0.8339646,1,0.779,1,Dutertre et al 2019 C7-Mono_CD16high
WARS,0.001320914,1.033905,0.968,0.858,1,Dutertre et al 2019 C7-Mono_CD16high
MS4A7,0.001454436,0.7048675,0.742,0.511,1,Dutertre et al 2019 C7-Mono_CD16high
PLIN2,0.001482803,0.542055,0.903,0.668,1,Dutertre et al 2019 C7-Mono_CD16high
SNX2,0.001565419,0.5970467,0.871,0.679,1,Dutertre et al 2019 C7-Mono_CD16high
APEH,0.0015778,0.6508774,0.452,0.211,1,Dutertre et al 2019 C7-Mono_CD16high
PYGL,0.001616281,0.8317827,0.548,0.332,1,Dutertre et al 2019 C7-Mono_CD16high
LTA4H,0.001628935,0.6170942,0.774,0.568,1,Dutertre et al 2019 C7-Mono_CD16high
GPI,0.001630304,0.6130952,0.839,0.584,1,Dutertre et al 2019 C7-Mono_CD16high
PCMT1,0.001944441,0.7174586,0.645,0.379,1,Dutertre et al 2019 C7-Mono_CD16high
RAP1B,0.002104408,0.619264,0.871,0.821,1,Dutertre et al 2019 C7-Mono_CD16high
ARF4,0.002125288,0.5694468,0.742,0.511,1,Dutertre et al 2019 C7-Mono_CD16high
TNFRSF1B,0.002206236,0.5420666,0.968,0.863,1,Dutertre et al 2019 C7-Mono_CD16high
FYB,0.002215835,0.5122491,0.903,0.784,1,Dutertre et al 2019 C7-Mono_CD16high
CD14,0.002421944,0.5221703,0.968,0.816,1,Dutertre et al 2019 C7-Mono_CD16high
NPL,0.002558759,0.6784036,0.387,0.179,1,Dutertre et al 2019 C7-Mono_CD16high
CLTA,0.002717018,0.5848614,0.516,0.268,1,Dutertre et al 2019 C7-Mono_CD16high
BCL6,0.002928918,0.6667628,0.806,0.484,1,Dutertre et al 2019 C7-Mono_CD16high
FGD4,0.002955611,0.5427982,0.387,0.163,1,Dutertre et al 2019 C7-Mono_CD16high
WDSUB1,0.002976062,0.5556017,0.194,0.053,1,Dutertre et al 2019 C7-Mono_CD16high
CD300LF,0.003005986,0.6528818,0.355,0.153,1,Dutertre et al 2019 C7-Mono_CD16high
GMPR2,0.003261111,0.7121135,0.419,0.195,1,Dutertre et al 2019 C7-Mono_CD16high
HK1,0.003546323,0.5978941,0.516,0.289,1,Dutertre et al 2019 C7-Mono_CD16high
RAB24,0.003614318,0.601276,0.516,0.279,1,Dutertre et al 2019 C7-Mono_CD16high
C9orf72,0.003682293,0.5788267,0.839,0.716,1,Dutertre et al 2019 C7-Mono_CD16high
NAAA,0.004210866,0.5426188,0.71,0.516,1,Dutertre et al 2019 C7-Mono_CD16high
PLEK,0.004358568,0.5248477,1,0.874,1,Dutertre et al 2019 C7-Mono_CD16high
TKT,0.004761335,0.6166101,0.839,0.663,1,Dutertre et al 2019 C7-Mono_CD16high
FPR2,0.00493302,0.6199305,0.387,0.179,1,Dutertre et al 2019 C7-Mono_CD16high
SOD2,0.005147585,0.5656627,1,1,1,Dutertre et al 2019 C7-Mono_CD16high
MAP1LC3B,0.005184322,0.5612655,0.871,0.695,1,Dutertre et al 2019 C7-Mono_CD16high
CD300A,0.005422935,0.6985158,0.774,0.521,1,Dutertre et al 2019 C7-Mono_CD16high
EIF3C,0.005470964,0.6522616,0.677,0.458,1,Dutertre et al 2019 C7-Mono_CD16high
LLNLR-470E3,0.005522361,0.6882517,0.258,0.095,1,Dutertre et al 2019 C7-Mono_CD16high
OAZ2,0.005934357,0.5771858,0.645,0.447,1,Dutertre et al 2019 C7-Mono_CD16high
SH3GLB1,0.006120222,0.5017208,0.677,0.453,1,Dutertre et al 2019 C7-Mono_CD16high
TADA3,0.00644788,0.5565864,0.484,0.295,1,Dutertre et al 2019 C7-Mono_CD16high
SERPINB2,0.006454951,0.7002202,0.452,0.2,1,Dutertre et al 2019 C7-Mono_CD16high
PLA2G15,0.007043413,0.691603,0.194,0.058,1,Dutertre et al 2019 C7-Mono_CD16high
IRF1,0.00733698,0.5814732,0.742,0.595,1,Dutertre et al 2019 C7-Mono_CD16high
CXCL16,0.007504481,0.5996458,0.774,0.653,1,Dutertre et al 2019 C7-Mono_CD16high
TMBIM4,0.007744341,0.5593413,0.774,0.637,1,Dutertre et al 2019 C7-Mono_CD16high
ATG12,0.008669484,0.5251728,0.581,0.326,1,Dutertre et al 2019 C7-Mono_CD16high
RNF13,0.008764305,0.6824554,0.742,0.568,1,Dutertre et al 2019 C7-Mono_CD16high
CPPED1,0.008975633,0.7232625,0.806,0.689,1,Dutertre et al 2019 C7-Mono_CD16high
SF3B5,0.009007729,0.5615962,0.581,0.363,1,Dutertre et al 2019 C7-Mono_CD16high
PTP4A2,0.009373733,0.5583941,1,0.921,1,Dutertre et al 2019 C7-Mono_CD16high
SHKBP1,0.009760904,0.5660346,0.71,0.532,1,Dutertre et al 2019 C7-Mono_CD16high
CUX1,0.009790617,0.8203778,0.645,0.553,1,Dutertre et al 2019 C7-Mono_CD16high
CLEC9A,4.41E-35,1.520168223,0.917,0.036,2.48E-30,Dutertre et al 2019 C6-cDC1
C1orf54,1.31E-33,1.845010885,0.917,0.046,7.38E-29,Dutertre et al 2019 C6-cDC1
CADM1,1.80E-25,1.766419928,0.875,0.081,1.01E-20,Dutertre et al 2019 C6-cDC1
TMEM14A,2.61E-21,0.860085063,0.583,0.02,1.47E-16,Dutertre et al 2019 C6-cDC1
XCR1,2.56E-18,0.507117125,0.583,0.036,1.44E-13,Dutertre et al 2019 C6-cDC1
HLA-DOB,4.79E-18,2.232970871,0.75,0.102,2.70E-13,Dutertre et al 2019 C6-cDC1
RAB7B,4.56E-17,1.258371334,0.5,0.025,2.56E-12,Dutertre et al 2019 C6-cDC1
SLAMF7,5.10E-17,1.496613319,0.958,0.223,2.87E-12,Dutertre et al 2019 C6-cDC1
SHTN1,1.78E-16,0.900134632,0.875,0.162,1.00E-11,Dutertre et al 2019 C6-cDC1
CLNK,4.30E-16,0.84339677,0.625,0.066,2.42E-11,Dutertre et al 2019 C6-cDC1
HLA-DQB2,6.64E-16,1.104002331,0.958,0.315,3.74E-11,Dutertre et al 2019 C6-cDC1
HLA-DQA2,1.90E-15,0.852143624,0.958,0.289,1.07E-10,Dutertre et al 2019 C6-cDC1
CPNE3,5.93E-15,1.595066608,1,0.401,3.34E-10,Dutertre et al 2019 C6-cDC1
IDO1,7.94E-15,1.176849436,0.583,0.061,4.47E-10,Dutertre et al 2019 C6-cDC1
WDFY4,9.51E-15,0.759893913,0.958,0.269,5.35E-10,Dutertre et al 2019 C6-cDC1
TPD52,1.51E-14,0.669886743,0.333,0.005,8.49E-10,Dutertre et al 2019 C6-cDC1
WFDC21P,1.61E-14,0.698830208,0.292,0,9.04E-10,Dutertre et al 2019 C6-cDC1
HLA-DPA1,2.17E-14,1.912757407,1,0.985,1.22E-09,Dutertre et al 2019 C6-cDC1
CD74,2.83E-14,1.621190875,1,1,1.59E-09,Dutertre et al 2019 C6-cDC1
HLA-DRB1,7.57E-14,1.659387387,1,1,4.26E-09,Dutertre et al 2019 C6-cDC1
HLA-DRB6,1.18E-13,0.800627292,1,0.787,6.66E-09,Dutertre et al 2019 C6-cDC1
HLA-DPB1,2.04E-13,1.799932924,1,0.959,1.15E-08,Dutertre et al 2019 C6-cDC1
HLA-DQA1,3.37E-13,1.774924242,0.958,0.401,1.90E-08,Dutertre et al 2019 C6-cDC1
HLA-DRB5,3.84E-13,1.123412834,1,0.843,2.16E-08,Dutertre et al 2019 C6-cDC1
HLA-DQB1,5.73E-13,1.831454166,0.958,0.629,3.23E-08,Dutertre et al 2019 C6-cDC1
CAMK2D,1.03E-12,0.843561762,0.667,0.107,5.81E-08,Dutertre et al 2019 C6-cDC1
HLA-DRA,1.32E-12,1.425388737,1,1,7.43E-08,Dutertre et al 2019 C6-cDC1
FLT3,1.55E-12,0.941936545,0.958,0.35,8.72E-08,Dutertre et al 2019 C6-cDC1
CPVL,4.52E-12,2.041258315,1,0.964,2.54E-07,Dutertre et al 2019 C6-cDC1
RGS10,7.91E-12,1.270672478,0.833,0.239,4.45E-07,Dutertre et al 2019 C6-cDC1
TMSB4X,1.37E-11,0.908019307,1,1,7.72E-07,Dutertre et al 2019 C6-cDC1
CCND1,1.99E-11,0.574865729,0.375,0.025,1.12E-06,Dutertre et al 2019 C6-cDC1
ASAP1,3.15E-11,0.659865574,0.958,0.406,1.77E-06,Dutertre et al 2019 C6-cDC1
DPP4,5.85E-11,0.581537574,0.417,0.041,3.29E-06,Dutertre et al 2019 C6-cDC1
SLAMF8,6.75E-11,1.411205139,0.417,0.041,3.80E-06,Dutertre et al 2019 C6-cDC1
NDRG2,7.81E-11,1.41801664,0.75,0.203,4.40E-06,Dutertre et al 2019 C6-cDC1
TACSTD2,9.13E-11,0.508228991,0.25,0.005,5.14E-06,Dutertre et al 2019 C6-cDC1
LGALS2,1.11E-10,1.050703935,0.917,0.345,6.27E-06,Dutertre et al 2019 C6-cDC1
C1orf21,1.26E-10,0.508329276,0.583,0.096,7.06E-06,Dutertre et al 2019 C6-cDC1
NAPSB,1.33E-10,1.437238094,0.958,0.675,7.48E-06,Dutertre et al 2019 C6-cDC1
NCALD,2.14E-10,0.630930238,0.375,0.03,1.20E-05,Dutertre et al 2019 C6-cDC1
HLA-DOA,2.30E-10,0.732333777,0.958,0.31,1.29E-05,Dutertre et al 2019 C6-cDC1
EGLN3,4.25E-10,0.612945358,0.5,0.076,2.39E-05,Dutertre et al 2019 C6-cDC1
RAB5A,6.57E-10,0.97965434,0.917,0.457,3.70E-05,Dutertre et al 2019 C6-cDC1
SNX3,7.26E-10,1.316278719,0.958,0.538,4.08E-05,Dutertre et al 2019 C6-cDC1
LGMN,1.20E-09,0.848182681,0.833,0.264,6.76E-05,Dutertre et al 2019 C6-cDC1
P2RY6,1.27E-09,0.793969294,0.417,0.051,7.17E-05,Dutertre et al 2019 C6-cDC1
DNASE1L3,1.77E-09,1.18815383,0.5,0.081,9.96E-05,Dutertre et al 2019 C6-cDC1
GYPC,1.78E-09,0.534751131,0.625,0.127,0.000100277,Dutertre et al 2019 C6-cDC1
CLIC2,2.05E-09,0.968546181,0.542,0.102,0.000115594,Dutertre et al 2019 C6-cDC1
IRF8,2.50E-09,1.294599195,0.958,0.726,0.000140565,Dutertre et al 2019 C6-cDC1
GINM1,3.22E-09,0.634714933,0.583,0.117,0.000181414,Dutertre et al 2019 C6-cDC1
RP11-383F6,3.23E-09,0.768580255,0.25,0.01,0.000181918,Dutertre et al 2019 C6-cDC1
ADAM28,4.71E-09,0.931223678,0.917,0.371,0.000265114,Dutertre et al 2019 C6-cDC1
SERPINB9,4.89E-09,1.037360806,1,0.832,0.000275237,Dutertre et al 2019 C6-cDC1
PMAIP1,4.92E-09,1.029986708,0.875,0.365,0.000276607,Dutertre et al 2019 C6-cDC1
HLA-DMA.5,9.74E-09,0.972202101,1,0.766,0.000548299,Dutertre et al 2019 C6-cDC1
DAPP1,1.22E-08,1.15180972,0.958,0.624,0.000688022,Dutertre et al 2019 C6-cDC1
PPT1,1.28E-08,1.020796951,1,0.944,0.000717873,Dutertre et al 2019 C6-cDC1
CST3,2.23E-08,1.238953554,0.958,0.934,0.001253851,Dutertre et al 2019 C6-cDC1
C1orf162,4.98E-08,1.059226051,0.958,0.746,0.002802209,Dutertre et al 2019 C6-cDC1
MTERF2,5.41E-08,0.598402249,0.292,0.025,0.003042765,Dutertre et al 2019 C6-cDC1
FNBP1,5.56E-08,0.521537963,1,0.579,0.003128853,Dutertre et al 2019 C6-cDC1
ARHGAP5,8.56E-08,0.826055231,0.75,0.31,0.004817586,Dutertre et al 2019 C6-cDC1
MCOLN2,8.75E-08,0.526513887,0.5,0.102,0.004923229,Dutertre et al 2019 C6-cDC1
BTLA,9.31E-08,0.791599017,0.333,0.041,0.005240734,Dutertre et al 2019 C6-cDC1
CHMP1B,1.22E-07,0.680074457,1,0.655,0.006891065,Dutertre et al 2019 C6-cDC1
ZC3HAV1,1.31E-07,0.981585374,1,0.843,0.007391632,Dutertre et al 2019 C6-cDC1
CALR,1.45E-07,0.541451318,1,0.853,0.008163952,Dutertre et al 2019 C6-cDC1
PIM2,1.62E-07,0.504670982,0.958,0.457,0.009123873,Dutertre et al 2019 C6-cDC1
ELOVL5,1.78E-07,0.905544337,0.875,0.411,0.010007627,Dutertre et al 2019 C6-cDC1
CD83,2.52E-07,1.098031345,0.958,0.766,0.014205431,Dutertre et al 2019 C6-cDC1
NET1,3.50E-07,0.518710521,0.5,0.117,0.019669524,Dutertre et al 2019 C6-cDC1
TSPAN33,3.58E-07,0.562606419,0.333,0.046,0.020172151,Dutertre et al 2019 C6-cDC1
PDIA3,4.40E-07,0.853859705,1,0.868,0.024782053,Dutertre et al 2019 C6-cDC1
EDEM1,7.26E-07,0.588349738,0.958,0.69,0.040825615,Dutertre et al 2019 C6-cDC1
SLC25A20,7.64E-07,0.53846926,0.458,0.091,0.042981378,Dutertre et al 2019 C6-cDC1
ANXA6,1.09E-06,0.696678081,0.708,0.294,0.061605771,Dutertre et al 2019 C6-cDC1
KIAA0226L,1.31E-06,0.967594078,0.667,0.264,0.073966202,Dutertre et al 2019 C6-cDC1
G3BP2,1.49E-06,0.648398537,0.917,0.533,0.083789173,Dutertre et al 2019 C6-cDC1
VAC14,1.50E-06,0.57420906,0.417,0.086,0.084148901,Dutertre et al 2019 C6-cDC1
AXL,1.67E-06,0.664578242,0.917,0.518,0.093735236,Dutertre et al 2019 C6-cDC1
EIF6,1.68E-06,0.722340868,0.875,0.406,0.094381796,Dutertre et al 2019 C6-cDC1
HLA-DMB,1.71E-06,0.891418817,0.958,0.746,0.096121204,Dutertre et al 2019 C6-cDC1
GSTM2,1.86E-06,0.86607407,0.542,0.168,0.104908537,Dutertre et al 2019 C6-cDC1
ADAM19,1.98E-06,0.565051295,0.917,0.528,0.111252548,Dutertre et al 2019 C6-cDC1
TNF,2.07E-06,0.770310151,0.583,0.208,0.116702067,Dutertre et al 2019 C6-cDC1
LSP1,2.36E-06,0.803932014,1,0.858,0.13275395,Dutertre et al 2019 C6-cDC1
NUBPL,3.16E-06,0.589665398,0.417,0.091,0.177741622,Dutertre et al 2019 C6-cDC1
HDAC9,3.62E-06,0.725999907,0.667,0.274,0.203852863,Dutertre et al 2019 C6-cDC1
YPEL5,5.77E-06,0.719169659,0.958,0.827,0.324448973,Dutertre et al 2019 C6-cDC1
S100B,7.37E-06,0.713678137,0.208,0.02,0.414606795,Dutertre et al 2019 C6-cDC1
LDLRAD4,9.28E-06,0.519745741,0.667,0.259,0.5222478,Dutertre et al 2019 C6-cDC1
PSMB9,1.03E-05,0.572454502,0.875,0.391,0.581863991,Dutertre et al 2019 C6-cDC1
RP11-572P18,1.16E-05,0.521874276,1,0.893,0.650696648,Dutertre et al 2019 C6-cDC1
C18orf32,1.37E-05,0.630973969,0.708,0.299,0.770166011,Dutertre et al 2019 C6-cDC1
ACP5,1.40E-05,0.627440828,0.458,0.117,0.789303001,Dutertre et al 2019 C6-cDC1
CYB5R3,1.45E-05,0.735616581,0.792,0.391,0.817444253,Dutertre et al 2019 C6-cDC1
PON2,1.58E-05,0.809430082,0.708,0.299,0.890428944,Dutertre et al 2019 C6-cDC1
CD59,2.61E-05,0.814363093,0.542,0.193,1,Dutertre et al 2019 C6-cDC1
TRPV2,2.74E-05,0.750004311,0.458,0.137,1,Dutertre et al 2019 C6-cDC1
NCBP2,3.14E-05,0.623909356,0.583,0.228,1,Dutertre et al 2019 C6-cDC1
MPEG1,3.26E-05,1.050457862,1,0.827,1,Dutertre et al 2019 C6-cDC1
P2RY10,3.43E-05,0.723038753,0.333,0.071,1,Dutertre et al 2019 C6-cDC1
CTB-119C2,4.54E-05,0.584108398,0.583,0.208,1,Dutertre et al 2019 C6-cDC1
PDE6G,4.89E-05,0.612086583,0.208,0.025,1,Dutertre et al 2019 C6-cDC1
ISYNA1,5.10E-05,0.638961974,0.167,0.015,1,Dutertre et al 2019 C6-cDC1
ACER3,5.24E-05,0.888830474,0.875,0.523,1,Dutertre et al 2019 C6-cDC1
RP11-544M22.13,5.30E-05,0.620859083,0.333,0.076,1,Dutertre et al 2019 C6-cDC1
RAB30,5.34E-05,0.583310051,0.25,0.041,1,Dutertre et al 2019 C6-cDC1
WBSCR22,5.93E-05,1.03816594,0.667,0.355,1,Dutertre et al 2019 C6-cDC1
STIM2,6.05E-05,0.659092094,0.375,0.102,1,Dutertre et al 2019 C6-cDC1
CXCR4,6.81E-05,0.584337976,0.917,0.685,1,Dutertre et al 2019 C6-cDC1
FARP2,0.000116514,0.936088587,0.333,0.081,1,Dutertre et al 2019 C6-cDC1
UCP2,0.000116657,0.721352764,0.917,0.873,1,Dutertre et al 2019 C6-cDC1
EEF1B2,0.000121248,0.679166769,0.958,0.685,1,Dutertre et al 2019 C6-cDC1
RPL9P9,0.000133126,0.607088367,1,0.817,1,Dutertre et al 2019 C6-cDC1
PTPRE,0.000139146,0.55631268,1,0.919,1,Dutertre et al 2019 C6-cDC1
TPMT,0.000139611,0.559804017,0.542,0.234,1,Dutertre et al 2019 C6-cDC1
TAPBP,0.000146277,0.563475491,1,0.888,1,Dutertre et al 2019 C6-cDC1
IDH2,0.000209271,0.71960283,0.75,0.416,1,Dutertre et al 2019 C6-cDC1
RGS1,0.000228554,0.597210721,0.917,0.721,1,Dutertre et al 2019 C6-cDC1
METTL1,0.000239915,0.746105858,0.167,0.02,1,Dutertre et al 2019 C6-cDC1
CRHR1-IT1,0.000239915,0.603262332,0.167,0.02,1,Dutertre et al 2019 C6-cDC1
PLEKHA5,0.000241058,0.573922645,0.417,0.147,1,Dutertre et al 2019 C6-cDC1
HAVCR2,0.000252815,0.549243226,0.75,0.431,1,Dutertre et al 2019 C6-cDC1
RP11-138A9.2.1,0.000310116,0.520993283,0.875,0.503,1,Dutertre et al 2019 C6-cDC1
CLEC1A,0.000322273,0.527268445,0.125,0.01,1,Dutertre et al 2019 C6-cDC1
CFI,0.000322273,0.507374671,0.125,0.01,1,Dutertre et al 2019 C6-cDC1
NDUFV2,0.000352206,0.558941107,0.792,0.396,1,Dutertre et al 2019 C6-cDC1
CLEC7A.5,0.000352594,0.560492329,1,0.817,1,Dutertre et al 2019 C6-cDC1
PPIB,0.000483198,0.541096795,0.917,0.761,1,Dutertre et al 2019 C6-cDC1
CYP2S1,0.000558909,0.904333423,0.542,0.254,1,Dutertre et al 2019 C6-cDC1
CNPPD1,0.000570182,0.599912331,0.5,0.218,1,Dutertre et al 2019 C6-cDC1
CSRP1,0.000571422,0.524023656,0.375,0.117,1,Dutertre et al 2019 C6-cDC1
ACSL5,0.000599543,0.688486121,0.5,0.228,1,Dutertre et al 2019 C6-cDC1
HPS5,0.000619013,0.765567279,0.5,0.218,1,Dutertre et al 2019 C6-cDC1
ATF2,0.00064103,0.542937238,0.292,0.076,1,Dutertre et al 2019 C6-cDC1
TAP1,0.0006667,0.51510056,0.667,0.376,1,Dutertre et al 2019 C6-cDC1
KBTBD8,0.000693038,0.64209708,0.417,0.152,1,Dutertre et al 2019 C6-cDC1
HMGN1,0.000699346,0.542305171,0.875,0.503,1,Dutertre et al 2019 C6-cDC1
TMEM50B,0.000789144,0.511950529,0.5,0.213,1,Dutertre et al 2019 C6-cDC1
TOMM34,0.000790413,0.524419402,0.417,0.162,1,Dutertre et al 2019 C6-cDC1
NDEL1,0.000799585,0.595504909,0.583,0.279,1,Dutertre et al 2019 C6-cDC1
GEMIN8,0.000801727,0.527860743,0.167,0.025,1,Dutertre et al 2019 C6-cDC1
CXCL16,0.000820741,1.0567586,0.792,0.655,1,Dutertre et al 2019 C6-cDC1
DNAJB9,0.000958783,0.567085598,0.458,0.188,1,Dutertre et al 2019 C6-cDC1
TIPARP,0.000968241,0.538310114,0.792,0.558,1,Dutertre et al 2019 C6-cDC1
HSP90AB1,0.001028171,0.584507397,1,0.898,1,Dutertre et al 2019 C6-cDC1
PDZD11,0.001040192,0.679977435,0.292,0.081,1,Dutertre et al 2019 C6-cDC1
PTPN2,0.001136298,0.735400589,0.792,0.614,1,Dutertre et al 2019 C6-cDC1
CCT4,0.001177026,0.515065836,0.583,0.289,1,Dutertre et al 2019 C6-cDC1
PIK3CB,0.001211426,0.5802279,0.417,0.152,1,Dutertre et al 2019 C6-cDC1
EDF1,0.001290017,0.520009298,0.583,0.32,1,Dutertre et al 2019 C6-cDC1
HLA-DPB2,0.001302775,0.709256791,0.208,0.046,1,Dutertre et al 2019 C6-cDC1
SDC2,0.001496684,0.7242479,0.208,0.046,1,Dutertre et al 2019 C6-cDC1
MRM3,0.001538523,0.5531103,0.208,0.046,1,Dutertre et al 2019 C6-cDC1
NABP1,0.00165491,0.5717133,0.75,0.543,1,Dutertre et al 2019 C6-cDC1
PLPP1,0.001730226,0.6064246,0.25,0.066,1,Dutertre et al 2019 C6-cDC1
PTK2,0.001932957,0.9298439,0.333,0.127,1,Dutertre et al 2019 C6-cDC1
IFT20,0.002076963,0.8244739,0.583,0.335,1,Dutertre et al 2019 C6-cDC1
PLCD1,0.002527444,0.7730045,0.25,0.071,1,Dutertre et al 2019 C6-cDC1
SNX8,0.002616627,0.98647,0.375,0.157,1,Dutertre et al 2019 C6-cDC1
RP11-212I21.2,0.002622463,0.6054655,0.208,0.051,1,Dutertre et al 2019 C6-cDC1
ANKRD39,0.002622463,0.5259206,0.208,0.051,1,Dutertre et al 2019 C6-cDC1
IDI1,0.002769542,0.5787685,0.708,0.406,1,Dutertre et al 2019 C6-cDC1
TMEM14B,0.002918856,0.5345987,0.542,0.279,1,Dutertre et al 2019 C6-cDC1
NFE2L2,0.00303655,0.5451483,0.792,0.574,1,Dutertre et al 2019 C6-cDC1
CYCS,0.003143904,0.5491577,0.792,0.518,1,Dutertre et al 2019 C6-cDC1
SMCHD1,0.004352316,0.714797,0.583,0.35,1,Dutertre et al 2019 C6-cDC1
KATNA1,0.004402263,0.6676651,0.25,0.076,1,Dutertre et al 2019 C6-cDC1
MPZL1,0.004677043,0.5351893,0.417,0.178,1,Dutertre et al 2019 C6-cDC1
DDIT4,0.005529678,0.5362431,0.792,0.589,1,Dutertre et al 2019 C6-cDC1
SRSF7,0.005787536,0.5790356,0.833,0.751,1,Dutertre et al 2019 C6-cDC1
OSBPL9,0.008171059,0.6484509,0.458,0.244,1,Dutertre et al 2019 C6-cDC1
RFX5,0.008633557,0.7610502,0.417,0.213,1,Dutertre et al 2019 C6-cDC1
FUCA1,0.008891802,0.5895963,0.458,0.234,1,Dutertre et al 2019 C6-cDC1
PKIB,3.83E-14,1.004915188,0.516,0.053,2.16E-09,Dutertre et al 2019 C2-cDC2
ARL4C,3.10E-13,1.073136115,1,0.547,1.74E-08,Dutertre et al 2019 C2-cDC2
HLA-DQB2,8.25E-13,0.573208485,0.968,0.289,4.64E-08,Dutertre et al 2019 C2-cDC2
CD1C,2.04E-12,2.434673863,0.742,0.247,1.15E-07,Dutertre et al 2019 C2-cDC2
HLA-DPB1,7.64E-12,1.123133036,1,0.958,4.30E-07,Dutertre et al 2019 C2-cDC2
HLA-DRA,9.45E-12,1.120288169,1,1,5.32E-07,Dutertre et al 2019 C2-cDC2
HLA-DRB1,4.21E-11,0.993743179,1,1,2.37E-06,Dutertre et al 2019 C2-cDC2
HLA-DRB5,6.20E-11,0.703236637,1,0.837,3.49E-06,Dutertre et al 2019 C2-cDC2
HLA-DQB1,1.17E-10,0.941540117,1,0.611,6.59E-06,Dutertre et al 2019 C2-cDC2
HLA-DQA1,1.63E-10,1.046668585,0.903,0.389,9.17E-06,Dutertre et al 2019 C2-cDC2
CD74,2.93E-10,0.764528306,1,1,1.65E-05,Dutertre et al 2019 C2-cDC2
HLA-DMA,2.96E-10,1.064016884,1,0.758,1.67E-05,Dutertre et al 2019 C2-cDC2
HLA-DPA1,8.54E-09,0.788955174,1,0.984,0.000480705,Dutertre et al 2019 C2-cDC2
GPR183,9.91E-09,1.078661435,0.968,0.879,0.000557635,Dutertre et al 2019 C2-cDC2
HLA-DMB,1.50E-08,0.955253783,1,0.732,0.000841914,Dutertre et al 2019 C2-cDC2
SNHG15,2.62E-08,1.055510242,0.774,0.347,0.001476526,Dutertre et al 2019 C2-cDC2
FCER1A,3.58E-08,2.115829252,0.677,0.274,0.002014769,Dutertre et al 2019 C2-cDC2
C7orf50,3.97E-08,0.885812235,0.71,0.258,0.002235793,Dutertre et al 2019 C2-cDC2
GHRL,8.00E-08,0.779211193,0.29,0.032,0.004499953,Dutertre et al 2019 C2-cDC2
ZC3HAV1,1.04E-07,0.776571358,1,0.837,0.005858502,Dutertre et al 2019 C2-cDC2
AREG,3.53E-07,0.926798401,0.71,0.305,0.019835707,Dutertre et al 2019 C2-cDC2
CIITA,4.07E-07,0.562942776,0.71,0.311,0.022929415,Dutertre et al 2019 C2-cDC2
CLEC10A,4.60E-07,1.623318957,0.71,0.337,0.025887466,Dutertre et al 2019 C2-cDC2
FCGR2C,8.18E-07,1.120839892,0.71,0.305,0.04603364,Dutertre et al 2019 C2-cDC2
CCR6,1.13E-06,0.896558883,0.484,0.153,0.06350349,Dutertre et al 2019 C2-cDC2
PLSCR1,1.13E-06,0.837786373,1,0.747,0.06359973,Dutertre et al 2019 C2-cDC2
CD1B,1.31E-06,0.576586986,0.355,0.068,0.073862836,Dutertre et al 2019 C2-cDC2
LSP1,1.33E-06,0.722223401,1,0.853,0.074810561,Dutertre et al 2019 C2-cDC2
PSMD8,1.74E-06,0.602148135,0.806,0.368,0.098115186,Dutertre et al 2019 C2-cDC2
CDKN1A,1.95E-06,0.848164796,0.968,0.689,0.10971464,Dutertre et al 2019 C2-cDC2
CD86,2.13E-06,1.077033513,0.839,0.489,0.11981764,Dutertre et al 2019 C2-cDC2
PHACTR1,2.13E-06,0.624317619,1,0.811,0.119868554,Dutertre et al 2019 C2-cDC2
ADAM28,2.33E-06,0.702743298,0.774,0.374,0.131195301,Dutertre et al 2019 C2-cDC2
FCGR2B,2.68E-06,1.363057396,0.645,0.279,0.150979883,Dutertre et al 2019 C2-cDC2
SAMHD1,3.71E-06,0.723407714,0.968,0.816,0.208952748,Dutertre et al 2019 C2-cDC2
NR4A2,5.30E-06,0.58680877,0.968,0.737,0.298354512,Dutertre et al 2019 C2-cDC2
JAML,6.75E-06,0.910947591,0.935,0.8,0.379836268,Dutertre et al 2019 C2-cDC2
DPYSL2,7.11E-06,0.6546971,0.935,0.895,0.400266373,Dutertre et al 2019 C2-cDC2
IL13RA1,8.08E-06,0.584827262,0.677,0.342,0.454668035,Dutertre et al 2019 C2-cDC2
GPR146,8.44E-06,0.563708804,0.258,0.042,0.47511787,Dutertre et al 2019 C2-cDC2
MS4A4E,1.05E-05,0.608568881,0.323,0.068,0.589026212,Dutertre et al 2019 C2-cDC2
PIP4K2A,1.14E-05,0.534140226,0.968,0.879,0.639643435,Dutertre et al 2019 C2-cDC2
MS4A6A,1.15E-05,0.790203447,0.968,0.789,0.646795932,Dutertre et al 2019 C2-cDC2
INSIG1,1.43E-05,1.106610083,0.871,0.689,0.806672377,Dutertre et al 2019 C2-cDC2
HGSNAT,1.72E-05,0.636711025,0.548,0.247,0.96683663,Dutertre et al 2019 C2-cDC2
PRCP,2.06E-05,0.815020218,0.774,0.426,1,Dutertre et al 2019 C2-cDC2
TOB1,2.55E-05,0.828585333,0.968,0.926,1,Dutertre et al 2019 C2-cDC2
NPM1,3.28E-05,0.654976981,1,0.821,1,Dutertre et al 2019 C2-cDC2
PRMT9,3.51E-05,0.514485773,0.516,0.189,1,Dutertre et al 2019 C2-cDC2
PPA1,3.70E-05,0.84299297,0.71,0.353,1,Dutertre et al 2019 C2-cDC2
GSN,4.65E-05,0.803456837,0.677,0.358,1,Dutertre et al 2019 C2-cDC2
MAP3K8,6.09E-05,0.79993889,0.903,0.695,1,Dutertre et al 2019 C2-cDC2
ING3,7.75E-05,0.573147602,0.677,0.337,1,Dutertre et al 2019 C2-cDC2
LITAF,7.77E-05,0.540794064,0.935,0.768,1,Dutertre et al 2019 C2-cDC2
RP1-257A7.5.1,9.23E-05,0.564214112,0.806,0.479,1,Dutertre et al 2019 C2-cDC2
AL513122.2,9.31E-05,0.562284222,0.581,0.289,1,Dutertre et al 2019 C2-cDC2
CYP2S1,0.000117922,0.63809775,0.548,0.242,1,Dutertre et al 2019 C2-cDC2
FLT3,0.000121441,0.602001307,0.71,0.368,1,Dutertre et al 2019 C2-cDC2
TIPARP,0.000129501,0.801390076,0.774,0.553,1,Dutertre et al 2019 C2-cDC2
IL18,0.000145583,0.781651458,0.29,0.074,1,Dutertre et al 2019 C2-cDC2
NXT1,0.000149098,0.559762538,0.581,0.247,1,Dutertre et al 2019 C2-cDC2
HERPUD1,0.000161207,0.542724988,1,0.974,1,Dutertre et al 2019 C2-cDC2
TUBA1B,0.000174027,0.856009896,0.903,0.753,1,Dutertre et al 2019 C2-cDC2
FRMD4B,0.000176731,0.523051736,0.387,0.132,1,Dutertre et al 2019 C2-cDC2
TGIF1,0.000222826,0.86039963,0.484,0.2,1,Dutertre et al 2019 C2-cDC2
TMEM123,0.000233814,0.728178489,0.806,0.584,1,Dutertre et al 2019 C2-cDC2
DDIT4,0.00024175,0.767470261,0.871,0.568,1,Dutertre et al 2019 C2-cDC2
VPS35,0.000245939,0.644760345,0.71,0.453,1,Dutertre et al 2019 C2-cDC2
ZNF266,0.000249484,0.787574274,0.419,0.158,1,Dutertre et al 2019 C2-cDC2
SPINT2,0.00027736,0.735387246,0.774,0.453,1,Dutertre et al 2019 C2-cDC2
HLA-DOA,0.000288579,0.59143035,0.645,0.337,1,Dutertre et al 2019 C2-cDC2
MBOAT2,0.000300293,0.54512069,0.29,0.079,1,Dutertre et al 2019 C2-cDC2
CNOT7,0.000320889,0.57379391,0.839,0.542,1,Dutertre et al 2019 C2-cDC2
DDOST,0.000399808,0.5242802,0.968,0.774,1,Dutertre et al 2019 C2-cDC2
TMEM109,0.000404842,0.593286976,0.581,0.274,1,Dutertre et al 2019 C2-cDC2
HDAC1,0.000451225,0.651594926,0.677,0.405,1,Dutertre et al 2019 C2-cDC2
MEF2C,0.000458653,0.646519056,0.71,0.505,1,Dutertre et al 2019 C2-cDC2
STK4,0.000488199,0.568879887,0.839,0.621,1,Dutertre et al 2019 C2-cDC2
IL1B,0.000653139,0.902770396,0.806,0.579,1,Dutertre et al 2019 C2-cDC2
VSIG4,0.000682501,0.639495749,0.355,0.126,1,Dutertre et al 2019 C2-cDC2
ENTPD1,0.0006876,0.509947573,0.645,0.374,1,Dutertre et al 2019 C2-cDC2
C11orf74,0.000711876,0.600584067,0.129,0.016,1,Dutertre et al 2019 C2-cDC2
CTSH,0.00075889,0.93738139,0.71,0.532,1,Dutertre et al 2019 C2-cDC2
ZNF331,0.000781355,0.874834954,0.806,0.553,1,Dutertre et al 2019 C2-cDC2
ARMC8,0.000814937,0.63413343,0.613,0.342,1,Dutertre et al 2019 C2-cDC2
ATIC,0.001055051,0.594414144,0.194,0.042,1,Dutertre et al 2019 C2-cDC2
SCAF11,0.001265275,0.551083179,0.806,0.621,1,Dutertre et al 2019 C2-cDC2
ANTXR2,0.001300206,0.721906056,0.484,0.274,1,Dutertre et al 2019 C2-cDC2
ARL4A,0.001409553,0.505556485,0.645,0.384,1,Dutertre et al 2019 C2-cDC2
EIF2A,0.00155979,0.59172898,0.613,0.358,1,Dutertre et al 2019 C2-cDC2
CACNA2D3,0.001741479,0.55293816,0.161,0.032,1,Dutertre et al 2019 C2-cDC2
LMNA,0.002294208,0.639941809,0.613,0.347,1,Dutertre et al 2019 C2-cDC2
PON2,0.002409908,0.673461581,0.548,0.311,1,Dutertre et al 2019 C2-cDC2
MAFF,0.002568123,0.565028324,0.452,0.253,1,Dutertre et al 2019 C2-cDC2
FKBP5,0.002725286,0.554483342,0.71,0.579,1,Dutertre et al 2019 C2-cDC2
EREG,0.002794553,0.712377686,0.645,0.416,1,Dutertre et al 2019 C2-cDC2
AXL,0.00299438,1.093231556,0.742,0.532,1,Dutertre et al 2019 C2-cDC2
HIST1H2BG,0.003333426,0.507810842,0.29,0.105,1,Dutertre et al 2019 C2-cDC2
FAM49A,0.00382214,0.605917652,0.71,0.574,1,Dutertre et al 2019 C2-cDC2
USP10,0.004668916,0.513316205,0.548,0.332,1,Dutertre et al 2019 C2-cDC2
SUCLA2,0.005107827,0.567270253,0.355,0.153,1,Dutertre et al 2019 C2-cDC2
NDRG2,0.00581469,0.654603383,0.452,0.232,1,Dutertre et al 2019 C2-cDC2
PUSL1,0.006265273,0.544064707,0.129,0.026,1,Dutertre et al 2019 C2-cDC2
NR4A1,0.006494898,0.589250898,0.71,0.568,1,Dutertre et al 2019 C2-cDC2
ATP5F1,0.008438926,0.703367296,0.774,0.647,1,Dutertre et al 2019 C2-cDC2
TECR,0.008800812,0.548236377,0.548,0.342,1,Dutertre et al 2019 C2-cDC2
FAM105A,0.009608446,0.554237911,0.548,0.332,1,Dutertre et al 2019 C2-cDC2
IFRD1,0.009762002,0.629367976,0.806,0.632,1,Dutertre et al 2019 C2-cDC2
FAM198B,2.28E-13,0.679486885,0.724,0.161,1.28E-08,Dutertre et al 2019 C1-Mono_CD16neg
S100A8,6.58E-11,1.605157298,0.966,0.651,3.70E-06,Dutertre et al 2019 C1-Mono_CD16neg
S100A12,6.74E-11,1.462376026,0.862,0.318,3.79E-06,Dutertre et al 2019 C1-Mono_CD16neg
S100A9,9.22E-11,1.757950667,0.966,0.76,5.19E-06,Dutertre et al 2019 C1-Mono_CD16neg
CLU,3.49E-10,1.591817419,0.862,0.406,1.96E-05,Dutertre et al 2019 C1-Mono_CD16neg
MNDA,8.55E-10,1.001133396,1,0.625,4.81E-05,Dutertre et al 2019 C1-Mono_CD16neg
APLP2,3.14E-09,1.063059561,1,0.833,0.000176511,Dutertre et al 2019 C1-Mono_CD16neg
CDA,3.62E-09,0.795045222,0.379,0.047,0.00020355,Dutertre et al 2019 C1-Mono_CD16neg
CD14,1.92E-08,1.341914011,1,0.812,0.001080956,Dutertre et al 2019 C1-Mono_CD16neg
HP,3.31E-08,1.62132829,0.448,0.094,0.001862074,Dutertre et al 2019 C1-Mono_CD16neg
RETN,3.34E-08,1.751485863,0.828,0.411,0.001879865,Dutertre et al 2019 C1-Mono_CD16neg
LRP1,5.39E-08,0.815071336,0.793,0.333,0.003034844,Dutertre et al 2019 C1-Mono_CD16neg
FCN1,6.05E-08,0.948160306,1,0.932,0.003404534,Dutertre et al 2019 C1-Mono_CD16neg
CTSD,7.59E-08,0.984896262,1,0.677,0.004268125,Dutertre et al 2019 C1-Mono_CD16neg
CH507-513H4,1.73E-07,0.518815906,1,1,0.009710229,Dutertre et al 2019 C1-Mono_CD16neg
CH507-513H4.4,1.73E-07,0.518815906,1,1,0.009710229,Dutertre et al 2019 C1-Mono_CD16neg
CH507-513H4.6,1.73E-07,0.518815906,1,1,0.009710229,Dutertre et al 2019 C1-Mono_CD16neg
KLF13,2.31E-07,0.828013445,0.655,0.245,0.013015059,Dutertre et al 2019 C1-Mono_CD16neg
TMEM176B,3.04E-07,1.093899233,0.966,0.776,0.017124723,Dutertre et al 2019 C1-Mono_CD16neg
CYP1B1,4.43E-07,1.22728335,0.621,0.234,0.024929366,Dutertre et al 2019 C1-Mono_CD16neg
FAM107B,4.81E-07,0.554037288,0.69,0.255,0.027059327,Dutertre et al 2019 C1-Mono_CD16neg
VIM,6.55E-07,1.091490198,1,0.974,0.036838634,Dutertre et al 2019 C1-Mono_CD16neg
LILRB3,8.95E-07,0.879892772,0.793,0.427,0.050353017,Dutertre et al 2019 C1-Mono_CD16neg
AQP9,1.44E-06,0.55185026,0.69,0.286,0.080847547,Dutertre et al 2019 C1-Mono_CD16neg
NLRP12,1.92E-06,0.533860558,0.517,0.167,0.10797171,Dutertre et al 2019 C1-Mono_CD16neg
MAFB,3.07E-06,0.689310783,0.897,0.484,0.172900045,Dutertre et al 2019 C1-Mono_CD16neg
S100A6,3.82E-06,0.586246914,0.931,0.901,0.214786693,Dutertre et al 2019 C1-Mono_CD16neg
PADI4,3.91E-06,0.778511119,0.552,0.188,0.220250303,Dutertre et al 2019 C1-Mono_CD16neg
FPR1,3.92E-06,1.024764294,1,0.719,0.220648738,Dutertre et al 2019 C1-Mono_CD16neg
PLBD1,3.94E-06,0.991486952,1,0.776,0.221909306,Dutertre et al 2019 C1-Mono_CD16neg
LILRA6,4.28E-06,0.519010942,0.69,0.281,0.240921643,Dutertre et al 2019 C1-Mono_CD16neg
CTD-2545M3.8,4.34E-06,0.753807199,0.276,0.042,0.244145162,Dutertre et al 2019 C1-Mono_CD16neg
LAMTOR4,4.67E-06,0.707921536,0.966,0.63,0.262871151,Dutertre et al 2019 C1-Mono_CD16neg
LYZ,4.82E-06,0.70140927,1,1,0.271333472,Dutertre et al 2019 C1-Mono_CD16neg
CFD,7.34E-06,0.693508949,0.655,0.266,0.41324648,Dutertre et al 2019 C1-Mono_CD16neg
MCTS1,7.54E-06,0.56894925,0.379,0.083,0.424227143,Dutertre et al 2019 C1-Mono_CD16neg
S100A11,9.36E-06,0.570975386,0.966,0.74,0.526719795,Dutertre et al 2019 C1-Mono_CD16neg
GLIPR2,9.69E-06,0.665874654,0.931,0.609,0.545427221,Dutertre et al 2019 C1-Mono_CD16neg
RP11-1143G9.4,1.17E-05,0.696249471,1,0.984,0.660702757,Dutertre et al 2019 C1-Mono_CD16neg
DYSF,1.22E-05,0.715754996,0.448,0.141,0.684822474,Dutertre et al 2019 C1-Mono_CD16neg
C5AR1,1.26E-05,0.614700426,0.793,0.396,0.706240847,Dutertre et al 2019 C1-Mono_CD16neg
SLC25A37,1.29E-05,1.072679757,0.862,0.74,0.727605817,Dutertre et al 2019 C1-Mono_CD16neg
TLR2,1.31E-05,1.197146182,0.759,0.49,0.739334433,Dutertre et al 2019 C1-Mono_CD16neg
CTB-61M7.2,1.43E-05,0.957919899,0.552,0.203,0.807014266,Dutertre et al 2019 C1-Mono_CD16neg
STAB1,1.78E-05,0.586194105,0.655,0.297,1,Dutertre et al 2019 C1-Mono_CD16neg
NOP10,1.81E-05,0.556162565,0.862,0.552,1,Dutertre et al 2019 C1-Mono_CD16neg
FTL,1.98E-05,0.521281005,1,1,1,Dutertre et al 2019 C1-Mono_CD16neg
ITGB2,2.09E-05,0.784149769,1,0.979,1,Dutertre et al 2019 C1-Mono_CD16neg
VCAN,2.15E-05,0.812068832,1,0.943,1,Dutertre et al 2019 C1-Mono_CD16neg
COTL1,2.37E-05,0.599931848,1,0.922,1,Dutertre et al 2019 C1-Mono_CD16neg
ACSL1,2.84E-05,0.620185782,0.828,0.521,1,Dutertre et al 2019 C1-Mono_CD16neg
HLA-A,2.92E-05,0.712713066,0.966,0.979,1,Dutertre et al 2019 C1-Mono_CD16neg
TSPO,3.22E-05,0.946252113,0.828,0.651,1,Dutertre et al 2019 C1-Mono_CD16neg
LGALS1,3.42E-05,0.825466907,0.931,0.812,1,Dutertre et al 2019 C1-Mono_CD16neg
THBS1,4.04E-05,0.596488939,0.966,0.786,1,Dutertre et al 2019 C1-Mono_CD16neg
SERPINA1,4.38E-05,0.627393218,1,0.953,1,Dutertre et al 2019 C1-Mono_CD16neg
HK3,4.47E-05,0.756737272,0.862,0.583,1,Dutertre et al 2019 C1-Mono_CD16neg
HLA-B,5.15E-05,0.560109457,1,1,1,Dutertre et al 2019 C1-Mono_CD16neg
CSTA,5.81E-05,0.590335026,0.655,0.302,1,Dutertre et al 2019 C1-Mono_CD16neg
CHST15,6.27E-05,0.691572505,0.517,0.214,1,Dutertre et al 2019 C1-Mono_CD16neg
TALDO1,7.32E-05,0.784830694,0.897,0.646,1,Dutertre et al 2019 C1-Mono_CD16neg
S100A4,7.57E-05,0.523004606,1,0.88,1,Dutertre et al 2019 C1-Mono_CD16neg
PXN-AS1,7.69E-05,0.644235782,0.31,0.073,1,Dutertre et al 2019 C1-Mono_CD16neg
MCEMP1,7.72E-05,0.760172972,0.448,0.167,1,Dutertre et al 2019 C1-Mono_CD16neg
PXN,7.79E-05,0.64192248,0.517,0.198,1,Dutertre et al 2019 C1-Mono_CD16neg
CSF3R,8.45E-05,0.598738354,0.931,0.646,1,Dutertre et al 2019 C1-Mono_CD16neg
GLRX,0.000116658,0.552807189,0.69,0.359,1,Dutertre et al 2019 C1-Mono_CD16neg
TMEM176A,0.000130192,0.6644899,0.724,0.344,1,Dutertre et al 2019 C1-Mono_CD16neg
TIMP2,0.000137275,0.609973244,0.517,0.245,1,Dutertre et al 2019 C1-Mono_CD16neg
SDCBP,0.00015541,0.721226272,0.897,0.833,1,Dutertre et al 2019 C1-Mono_CD16neg
METTL9,0.000156185,1.1420823,0.69,0.37,1,Dutertre et al 2019 C1-Mono_CD16neg
TMEM167A,0.000162329,0.818737341,0.828,0.505,1,Dutertre et al 2019 C1-Mono_CD16neg
OCLM,0.000186805,0.533194571,0.207,0.036,1,Dutertre et al 2019 C1-Mono_CD16neg
RTN3,0.000189198,0.87996174,0.828,0.625,1,Dutertre et al 2019 C1-Mono_CD16neg
TREM1,0.000196859,0.90296438,0.69,0.375,1,Dutertre et al 2019 C1-Mono_CD16neg
GCA,0.000205438,0.684702909,0.724,0.432,1,Dutertre et al 2019 C1-Mono_CD16neg
S100P,0.000212365,0.990604764,0.103,0.005,1,Dutertre et al 2019 C1-Mono_CD16neg
AC147651,0.000212365,0.675602596,0.103,0.005,1,Dutertre et al 2019 C1-Mono_CD16neg
SIRPB1,0.000214452,0.934629416,0.862,0.557,1,Dutertre et al 2019 C1-Mono_CD16neg
CNN2P1,0.000223953,1.00762614,0.103,0.005,1,Dutertre et al 2019 C1-Mono_CD16neg
RN7SL55P,0.000223953,0.579654576,0.103,0.005,1,Dutertre et al 2019 C1-Mono_CD16neg
ADM,0.000284735,0.915274909,0.69,0.448,1,Dutertre et al 2019 C1-Mono_CD16neg
NCF2,0.00032177,0.686967098,0.897,0.651,1,Dutertre et al 2019 C1-Mono_CD16neg
CD63,0.00032259,0.65740532,0.897,0.677,1,Dutertre et al 2019 C1-Mono_CD16neg
FCAR,0.000324314,0.687087234,0.483,0.203,1,Dutertre et al 2019 C1-Mono_CD16neg
GRINA,0.000324843,0.550733778,0.69,0.464,1,Dutertre et al 2019 C1-Mono_CD16neg
FPR2,0.000366139,0.732593474,0.448,0.172,1,Dutertre et al 2019 C1-Mono_CD16neg
SERF2,0.000412854,0.777029427,1,0.979,1,Dutertre et al 2019 C1-Mono_CD16neg
ANPEP,0.000443485,0.811150335,0.897,0.698,1,Dutertre et al 2019 C1-Mono_CD16neg
CD300E,0.000457572,0.724248694,0.759,0.453,1,Dutertre et al 2019 C1-Mono_CD16neg
CTB-55O6.12,0.000461771,0.621283819,0.138,0.016,1,Dutertre et al 2019 C1-Mono_CD16neg
FLNA,0.000479772,1.009145872,0.966,0.672,1,Dutertre et al 2019 C1-Mono_CD16neg
GRN,0.000497915,0.564365269,1,0.979,1,Dutertre et al 2019 C1-Mono_CD16neg
ITGAM,0.000526633,0.73329619,0.724,0.427,1,Dutertre et al 2019 C1-Mono_CD16neg
MITD1,0.000527202,0.782890652,0.31,0.089,1,Dutertre et al 2019 C1-Mono_CD16neg
TWF2,0.000530104,0.628661599,0.655,0.375,1,Dutertre et al 2019 C1-Mono_CD16neg
RBMS1,0.00058489,0.947096496,0.586,0.339,1,Dutertre et al 2019 C1-Mono_CD16neg
PGAM1,0.000700525,0.571457582,0.931,0.75,1,Dutertre et al 2019 C1-Mono_CD16neg
SERPINB1,0.00075407,0.562045072,0.897,0.651,1,Dutertre et al 2019 C1-Mono_CD16neg
CEACAM4,0.000812377,0.642572866,0.552,0.271,1,Dutertre et al 2019 C1-Mono_CD16neg
KCNE1,0.000947657,0.554627015,0.31,0.104,1,Dutertre et al 2019 C1-Mono_CD16neg
CD36,0.000987402,0.712034405,0.931,0.688,1,Dutertre et al 2019 C1-Mono_CD16neg
HSPA1A,0.001026911,1.359607627,0.862,0.87,1,Dutertre et al 2019 C1-Mono_CD16neg
PGD,0.001060641,0.910843453,0.69,0.464,1,Dutertre et al 2019 C1-Mono_CD16neg
FGR,0.00115919,0.611286201,1,0.849,1,Dutertre et al 2019 C1-Mono_CD16neg
GTPBP2,0.001192033,0.930172077,0.276,0.089,1,Dutertre et al 2019 C1-Mono_CD16neg
PILRA,0.001207765,0.519969102,0.828,0.589,1,Dutertre et al 2019 C1-Mono_CD16neg
VAC14,0.001266271,0.681631887,0.31,0.094,1,Dutertre et al 2019 C1-Mono_CD16neg
RNPEPL1,0.001322903,0.765092307,0.414,0.156,1,Dutertre et al 2019 C1-Mono_CD16neg
MAPK14,0.001345876,1.037781299,0.448,0.208,1,Dutertre et al 2019 C1-Mono_CD16neg
NCF1,0.001434871,0.700743871,0.724,0.521,1,Dutertre et al 2019 C1-Mono_CD16neg
RNASEK,0.001754977,0.54517667,0.897,0.688,1,Dutertre et al 2019 C1-Mono_CD16neg
LTA4H,0.001800822,0.984557353,0.759,0.573,1,Dutertre et al 2019 C1-Mono_CD16neg
ERICH1,0.001873381,0.527582523,0.483,0.234,1,Dutertre et al 2019 C1-Mono_CD16neg
RNF149,0.001933794,0.616548556,1,0.833,1,Dutertre et al 2019 C1-Mono_CD16neg
ABCD3,0.00194627,0.534474236,0.172,0.036,1,Dutertre et al 2019 C1-Mono_CD16neg
RNASE4,0.001958285,0.70306371,0.207,0.052,1,Dutertre et al 2019 C1-Mono_CD16neg
TCIRG1,0.001959806,0.788090676,0.862,0.62,1,Dutertre et al 2019 C1-Mono_CD16neg
ANXA1,0.001985475,0.574414873,1,0.99,1,Dutertre et al 2019 C1-Mono_CD16neg
CCNY,0.00210845,0.939056837,0.517,0.281,1,Dutertre et al 2019 C1-Mono_CD16neg
KANSL3,0.002247372,0.784657587,0.552,0.286,1,Dutertre et al 2019 C1-Mono_CD16neg
CORO1A,0.002255302,0.590543647,1,0.865,1,Dutertre et al 2019 C1-Mono_CD16neg
TKT,0.002322025,0.64463642,0.828,0.667,1,Dutertre et al 2019 C1-Mono_CD16neg
NTMT1,0.002390927,0.521802641,0.276,0.089,1,Dutertre et al 2019 C1-Mono_CD16neg
GNB4,0.002412255,0.515820037,0.586,0.318,1,Dutertre et al 2019 C1-Mono_CD16neg
CD82,0.002583346,0.559594956,0.414,0.182,1,Dutertre et al 2019 C1-Mono_CD16neg
TMEM71,0.002608715,0.632196873,0.483,0.224,1,Dutertre et al 2019 C1-Mono_CD16neg
TNFRSF1B,0.002913612,0.505659032,1,0.859,1,Dutertre et al 2019 C1-Mono_CD16neg
TNFRSF1A,0.003023959,0.815267696,0.586,0.297,1,Dutertre et al 2019 C1-Mono_CD16neg
TLE3,0.003034526,0.801331877,0.862,0.755,1,Dutertre et al 2019 C1-Mono_CD16neg
ADAM8,0.003160425,1.152641946,0.448,0.229,1,Dutertre et al 2019 C1-Mono_CD16neg
E2F4,0.003283299,0.557146194,0.414,0.193,1,Dutertre et al 2019 C1-Mono_CD16neg
RP11-34P13.15,0.003678047,0.63529336,0.31,0.12,1,Dutertre et al 2019 C1-Mono_CD16neg
AC130469,0.003954946,0.879588603,0.241,0.078,1,Dutertre et al 2019 C1-Mono_CD16neg
NCF1C,0.004095332,0.586886618,0.69,0.49,1,Dutertre et al 2019 C1-Mono_CD16neg
GIMAP2,0.004229578,0.843562512,0.379,0.161,1,Dutertre et al 2019 C1-Mono_CD16neg
SMIM12,0.004715562,1.095493914,0.483,0.25,1,Dutertre et al 2019 C1-Mono_CD16neg
VNN3,0.004793473,0.528224651,0.138,0.026,1,Dutertre et al 2019 C1-Mono_CD16neg
BAG6,0.004985195,0.571261925,0.345,0.146,1,Dutertre et al 2019 C1-Mono_CD16neg
DIAPH1,0.00540858,1.163271138,0.552,0.375,1,Dutertre et al 2019 C1-Mono_CD16neg
IMPDH1,0.00548875,0.570692606,0.552,0.318,1,Dutertre et al 2019 C1-Mono_CD16neg
TPT1,0.005491885,0.52741528,0.966,0.922,1,Dutertre et al 2019 C1-Mono_CD16neg
PTGER2,0.005547196,0.688464767,0.448,0.229,1,Dutertre et al 2019 C1-Mono_CD16neg
ACTN1,0.006252991,1.174138528,0.621,0.443,1,Dutertre et al 2019 C1-Mono_CD16neg
ITGAL,0.006495661,1.426555391,0.793,0.562,1,Dutertre et al 2019 C1-Mono_CD16neg
DCAF8,0.006666011,0.749858754,0.552,0.302,1,Dutertre et al 2019 C1-Mono_CD16neg
NCF1B,0.006850501,0.544200058,0.621,0.391,1,Dutertre et al 2019 C1-Mono_CD16neg
BNIP2,0.006881413,0.605054527,0.862,0.719,1,Dutertre et al 2019 C1-Mono_CD16neg
AKIRIN2,0.006988165,0.668964559,0.552,0.349,1,Dutertre et al 2019 C1-Mono_CD16neg
RP11-288H12,0.007191972,0.511844457,0.586,0.401,1,Dutertre et al 2019 C1-Mono_CD16neg
IL6R,0.007328326,0.50395571,0.552,0.333,1,Dutertre et al 2019 C1-Mono_CD16neg
HSPA1B,0.007432881,0.892192555,0.759,0.583,1,Dutertre et al 2019 C1-Mono_CD16neg
RP11-19P22.8,0.007470394,0.733590014,0.172,0.047,1,Dutertre et al 2019 C1-Mono_CD16neg
OSTF1,0.00749088,0.534508035,0.69,0.516,1,Dutertre et al 2019 C1-Mono_CD16neg
PARVG,0.007665878,0.600658842,0.793,0.63,1,Dutertre et al 2019 C1-Mono_CD16neg
MALSU1,0.007978585,1.314392021,0.172,0.047,1,Dutertre et al 2019 C1-Mono_CD16neg
ZADH2,0.009272224,0.638132325,0.207,0.068,1,Dutertre et al 2019 C1-Mono_CD16neg
LINC01503,0.009488367,0.538974335,0.172,0.047,1,Dutertre et al 2019 C1-Mono_CD16neg
AGTRAP,0.009705938,0.872773657,0.655,0.495,1,Dutertre et al 2019 C1-Mono_CD16neg
